week, imageUrl
0,http://i2.cdn.turner.com/cnnnext/dam/assets/150720073421-bernie-sanders-july-18-2015-large-tease.jpg
0,https://assets.bwbx.io/images/users/iqjWHBFdfxIU/iOjMRweGiMPs/v2/-1x-1.jpg
0,http://i2.cdn.turner.com/cnnnext/dam/assets/150730090330-bernie-sanders-donald-trump-large-tease.jpg
0,http://s3-origin-images.politico.com/2015/08/06/150806_bernie_sanders_ap_1160.jpg
1,https://si.wsj.net/public/resources/images/BN-JS204_HEADHE_G_20150804172309.jpg
1,https://assets.bwbx.io/images/users/iqjWHBFdfxIU/i5QvwenWvqLQ/v2/-1x-1.jpg
1,http://cbsnews1.cbsistatic.com/hub/i/r/2015/08/07/4fd244c8-86cf-4f3f-926b-5fdfa75f14c8/thumbnail/1200x630/b8a83b489c5a771a12009ea8817a2911/sanders.jpg
1,http://img.huffingtonpost.com/asset/2000_1000/55c69f531700006e00566fe4.png
1,https://img.washingtonpost.com/rf/image_1484w/2010-2019/WashingtonPost/2015/07/20/National-Politics/Images/2015-07-19T211947Z_01_DAL18_RTRIDSP_3_USA-POLITICS.jpg
1,http://cbsnews1.cbsistatic.com/hub/i/r/2015/08/09/ddc462e2-a8b0-455b-81e3-026946bf6390/thumbnail/1200x630/99b2110827553f0cf28563761b82493b/ap847914473793.jpg
1,http://img.huffingtonpost.com/asset/2000_1000/55c812a414000077002e2647.jpeg
1,http://www.msnbc.com/sites/msnbc/files/styles/ratio--1_91-1--1200x630/public/ap_847914473793.jpg?itok=djrYCWpZ
1,http://media4.s-nbcnews.com/j/newscms/2015_32/1164621/aptopix_dem_2016_sanders-jpeg-00f2c_91a905fd6549f3d06b307384b26eba57.nbcnews-fp-1200-800.jpg
1,http://s3-origin-images.politico.com/2015/08/09/150809_kruse_sanders2_ap.jpg
1,http://media2.s-nbcnews.com/j/MSNBC/Components/Video/__NEW/n_hayes_EF_150811.video_1067x600.jpg
1,http://cbsnews1.cbsistatic.com/hub/i/r/2015/08/26/0d116f8b-4afd-4de5-a316-d50377a46520/thumbnail/1200x630/fde2f960664a78b1693d47dde5260e3b/2015-08-26t202746z2076496478waseb8q17lp01rtrmadp3usa-election-clinton.jpg
2,https://img.washingtonpost.com/rf/image_1484w/2010-2019/WashingtonPost/2015/07/26/National-Politics/Images/226216662.jpg
2,http://s3-origin-images.politico.com/2015/08/10/150810_bernie_sanders_black_lives_ap_1160.jpg
2,https://img.washingtonpost.com/rf/image_1484w/2010-2019/WashingtonPost/2015/08/11/Others/Images/2015-08-11/bs201439265851.jpg
2,http://s3-origin-images.politico.com/2015/08/12/150811_scher_bernie_ap.jpg
2,http://i2.cdn.turner.com/cnnnext/dam/assets/150626140203-hillary-clinton-bernie-sanders-large-tease.jpg
2,http://media1.s-nbcnews.com/j/MSNBC/Components/Video/__NEW/2015-08-14T01-20-11-733Z--1280x720.video_1067x600.jpg
2,http://media1.s-nbcnews.com/j/MSNBC/Components/Video/__NEW/2015-08-15T00-42-43-733Z--1280x720.video_1067x600.jpg
2,http://media1.s-nbcnews.com/j/newscms/2015_33/1176421/484141412_ef4d6a3097629c279c3236d1e3101cd7.nbcnews-fp-1200-800.jpg
3,http://cbsnews1.cbsistatic.com/hub/i/2014/08/26/eb087a3f-5104-4d31-8acd-4a61df89bef0/183100756.jpg
3,http://c2.nrostatic.com/sites/default/files/uploaded/trump-related-replace.jpg
3,https://assets.bwbx.io/images/users/iqjWHBFdfxIU/iNLVZn1Go4mQ/v1/-1x-1.jpg
3,https://si.wsj.net/public/resources/images/BN-JY660_BERNIE_G_20150821195847.jpg
3,https://static01.nyt.com/images/2015/08/17/magazine/23mag-talk-1/23mag-talk-1-blog427-v2.jpg
4,https://static01.nyt.com/images/2015/08/26/us/26SANDERSMONEY-1440543119743/26SANDERSMONEY-1440543119743-master1050.jpg
4,http://media1.s-nbcnews.com/j/MSNBC/Components/Video/__NEW/2015-08-28T19-45-02-5Z--1280x720.video_1067x600.jpg
4,http://img.huffingtonpost.com/asset/2000_1000/55e3132e14000077002e45e4.jpeg
5,http://i2.cdn.turner.com/cnnnext/dam/assets/150813065221-bernie-sanders-august-10-2015-large-tease.jpg
5,http://media1.s-nbcnews.com/j/newscms/2015_36/1199266/150830-bernie-donald-combo-2p_a2b0b147f916d011d23c6ac6f6b0b31f.nbcnews-fp-1200-800.jpg
5,http://i.huffpost.com/gen/3350274/images/o-BERNIE-SANDERS-facebook.jpg
5,https://si.wsj.net/public/resources/images/BN-KD899_birrel_G_20150904104651.jpg
5,http://media1.s-nbcnews.com/j/newscms/2015_36/1208216/150906-bernie-11a_767ce62aaeefa340ed31aa6c92821b9a.nbcnews-fp-1200-800.jpg
5,http://c9.nrostatic.com/sites/default/files/uploaded/bernie-sanders-wrong-about-america-r.jpg
6,https://si.wsj.net/public/resources/images/BN-KF660_0909dr_G_20150909190448.jpg
6,http://img.huffingtonpost.com/asset/2000_1000/55f1e94a1700009a01569e57.jpeg
6,http://static.politico.com/0d/c3/d6b06a334008bc3ba15970184ea0/150909-bernie-sanders-gty-1160.jpg
6,http://i2.cdn.turner.com/cnnnext/dam/assets/150909210119-02-hillary-clinton-bernie-sanders-split-large-tease.jpg
6,http://media2.s-nbcnews.com/j/newscms/2015_37/1218391/150911-berniesanders-sg-1333_f12f58d5b13df63ce132ef92038cb0cb.nbcnews-fp-1200-800.jpg
6,https://img.washingtonpost.com/rf/image_1484w/2010-2019/WashingtonPost/2015/09/07/Others/Images/2015-09-07/bs41441653310.jpg
6,http://img.huffingtonpost.com/asset/2000_1000/55f4b233180000270061ced2.jpeg
6,http://media1.s-nbcnews.com/j/MSNBC/Components/Video/__NEW/2015-09-13T15-14-49-6Z--1280x720.video_1067x600.jpg
6,http://media1.s-nbcnews.com/j/MSNBC/Components/Video/__NEW/2015-09-18T01-23-31-766Z--1280x720.video_1067x600.jpg
7,http://c2.nrostatic.com/sites/default/files/uploaded/related_bernie-sanders_gd_150915.jpg
7,https://img.washingtonpost.com/rf/image_1484w/2010-2019/Wires/Images/2015-09-14/Reuters/2015-09-14T181407Z_01_LYN15_RTRIDSP_3_USA-ELECTION-SANDERS.jpg
7,http://i2.cdn.turner.com/cnnnext/dam/assets/150910153301-bernie-sanders-sep-large-tease.jpg
7,https://assets.bwbx.io/images/users/iqjWHBFdfxIU/iADYTNyN77t0/v1/-1x-1.jpg
7,http://cbsnews2.cbsistatic.com/hub/i/r/2015/09/14/885d658f-4fa5-4815-a6a8-120264a600de/thumbnail/1200x630/aff020a622533c4468f6bc2866605303/rts12ta.jpg
7,http://www.msnbc.com/sites/msnbc/files/styles/ratio--1_91-1--1200x630/public/ap_597885584924.jpg?itok=wzmRPrUp
7,https://si.wsj.net/public/resources/images/BN-KH174_SANDER_G_20150914131555.jpg
7,http://media2.s-nbcnews.com/j/newscms/2015_38/1223296/150915-bernie_sanders_mitchell-1352_574b417ec757bc6b24a26afdcfdab356.nbcnews-fp-1200-800.jpg
7,https://images.washingtonpost.com/?url=http://img.washingtonpost.com/blogs/plum-line/files/2015/05/bernie031430420291.jpg&w=1484&op=resize&opt=1&filter=antialias
7,https://assets.bwbx.io/images/users/iqjWHBFdfxIU/icR9h44im2zU/v1/-1x-1.jpg
7,http://media4.s-nbcnews.com/j/newscms/2015_38/1221406/150914-sanders_liberty-1502_481451ddceb2626956a066d4a4a33286.nbcnews-fp-1200-800.jpg
7,http://img.huffingtonpost.com/asset/2000_1000/55f9cadb2000002600242528.jpeg
7,http://cbsnews2.cbsistatic.com/hub/i/r/2015/09/18/335c04e0-0475-4f15-b27a-9ea5bbe1c18c/thumbnail/1200x630/a64523d071a6f76df681f6d8969392d9/politicssanders0918.jpg
7,http://www.msnbc.com/sites/msnbc/files/styles/ratio--1_91-1--1200x630/public/ap_55094304458.jpg?itok=NIzAsk2L
7,http://cbsnews3.cbsistatic.com/hub/i/r/2015/09/18/bba12d2f-24da-4cb4-96cd-72981a023c4f/thumbnail/1200x630/2c8b2930b2f4ac6b3beaa9aad84c91df/ctm0918berniesanders446266640x360.jpg
7,http://cbsnews2.cbsistatic.com/hub/i/r/2015/09/20/41c35bcb-5b1f-4040-9b78-88eaa46e8f94/thumbnail/1200x630/9b01ac48f8a9aeb7cd1792d1a937c065/rts1wp7.jpg
8,http://media4.s-nbcnews.com/j/newscms/2015_38/1230576/489137268_c61181de7aeb757ff24dbbcadae8d2ab.nbcnews-fp-1200-800.jpg
8,http://static.politico.com/53/a1/13e55bb3402096161d94a70c476b/150921-bernie-sanders-ap-1160.jpg
8,http://cdn.static-economist.com/sites/default/files/cf_images/images-magazine/2015/09/26/US/20150926_USP501_facebook.jpg
8,https://img.washingtonpost.com/rf/image_1484w/2010-2019/Wires/Images/2015-09-14/Bloomberg/04930862.jpg
8,https://assets.bwbx.io/images/users/iqjWHBFdfxIU/ivePQsh54M54/v1/-1x-1.jpg
9,http://www.msnbc.com/sites/msnbc/files/styles/ratio--1_91-1--1200x630/public/rtx1sxt6.jpg?itok=IDRrzoCP
9,http://www.msnbc.com/sites/msnbc/files/styles/ratio--1_91-1--1200x630/public/ap_878937571590.jpg?itok=nGT-JYs6
9,http://www.msnbc.com/sites/msnbc/files/styles/ratio--1_91-1--1200x630/public/rts1wyo.jpg?itok=wzZb4kjr
9,http://media2.s-nbcnews.com/j/MSNBC/Components/Video/__NEW/n_hayes_uccbernie_151001.video_1067x600.jpg
9,https://img.washingtonpost.com/rf/image_1484w/2010-2019/WashingtonPost/2015/09/30/National-Politics/Images/DEM_2016_Sanders-01c5b-4212.jpg
9,http://img.huffingtonpost.com/asset/2000_1000/56105e5a1400002800bfc0a1.jpeg
10,https://img.washingtonpost.com/rf/image_1484w/2010-2019/Wires/Images/2015-09-28/Getty/490442828.jpg
10,http://media3.s-nbcnews.com/j/newscms/2015_39/1234466/150923-sanders_mayors-1122_b384b651963fad554e08b24d265d9da6.nbcnews-fp-1200-800.jpg
10,https://static01.nyt.com/images/2015/10/06/us/06SANDERS/06SANDERS-master1050.jpg
10,http://c3.nrostatic.com/sites/default/files/uploaded/bernie-sanders-outsider-r.jpg
10,http://media1.s-nbcnews.com/j/MSNBC/Components/Video/__NEW/2015-10-08T10-44-36-3Z--1280x720.video_1067x600.jpg
10,http://static.politico.com/29/6d/c8a919094913bea6cccd1d5b0cbc/151007-bernie-2-ap-1160.jpg
10,https://img.washingtonpost.com/rf/image_1484w/WashingtonPost/Content/Blogs/post-politics/Images/DEM_2016_Sanders-08371-101.jpg
10,http://i2.cdn.turner.com/cnnnext/dam/assets/150929154553-bernie-sanders-chicago-large-tease.jpg
10,http://img.huffingtonpost.com/asset/2000_1000/5617f86b1400002200c79970.jpeg
10,http://media1.s-nbcnews.com/i/MSNBC/Components/Video/__NEW/2015-10-11T13-33-16-8Z--1280x720.jpg
10,https://img.washingtonpost.com/rf/image_1484w/2010-2019/WashingtonPost/2015/10/10/National-Politics/Images/DEM_2016_Sanders-0c370-4129.jpg
10,http://static.politico.com/1c/15/68015ab54430b8b72edbfc640ee8/151012-shafer-bernie-ap.jpg
10,http://media2.s-nbcnews.com/i/MSNBC/Components/Video/__NEW/a_mtp_gunsanders_151011.jpg
10,http://media2.s-nbcnews.com/j/newscms/2015_41/1257681/151011-bernie-sanders-mtp-jsw-1004a_c8abe03e1cb3f4ce5559c94f2bf15c27.nbcnews-fp-1200-800.jpg
11,http://www.msnbc.com/sites/msnbc/files/styles/ratio--1_91-1--1200x630/public/articles/gettyimages-488741456.jpg?itok=cgjE96_t
11,http://i2.cdn.turner.com/cnnnext/dam/assets/150919094634-bernie-sanders-large-tease.jpg
11,http://i2.cdn.turner.com/cnnnext/dam/assets/151013215526-bernie-sanders-democratic-debate-sick-of-hearing-about-hillary-clinton-emails-19-00005521-large-tease.jpg
11,http://i2.cdn.turner.com/cnnnext/dam/assets/151013211207-bernie-sanders-democratic-debate-socialist-large-tease.jpg
11,http://img.huffingtonpost.com/asset/2000_1000/561db7611400006f003c82c1.jpeg?cache=nz8iijshlp
11,https://images.washingtonpost.com/?url=http://img.washingtonpost.com/blogs/the-fix/files/2015/10/Was8972783.jpg&w=1484&op=resize&opt=1&filter=antialias
11,http://cbsnews1.cbsistatic.com/hub/i/r/2015/10/14/10c166aa-dc97-4af6-8263-d4e0aaafd843/thumbnail/1200x630/55c644108779cf8ab44a815c67de5a19/2015-10-14t015848z791370976tb3ebae05hq3xrtrmadp3usa-election-democrats.jpg
11,https://img.washingtonpost.com/rf/image_1484w/2010-2019/WashingtonPost/2015/10/12/Web-Resampled/2015-10-12/DEM_2016_Sanders-0c9f1-kNcD--296x262@wp.com.jpg
11,https://images.washingtonpost.com/?url=http://img.washingtonpost.com/blogs/the-fix/files/2015/10/slack-imgs.com_.jpeg&w=1484&op=resize&opt=1&filter=antialias
11,http://img.huffingtonpost.com/asset/2000_1000/561dc6301400002200c79dda.jpeg?cache=kaj3wojanu
11,http://c2.nrostatic.com/sites/default/files/uploaded/bernie-sanders-socialism-denmark-r.jpg
11,http://www.msnbc.com/sites/msnbc/files/styles/ratio--1_91-1--1200x630/public/dem_2016_debate.jpeg-05f03.jpg?itok=PNLocIMp
11,http://static.politico.com/b6/72/b746de504974949da2e914ecfc76/new-angle151013-hillary-clinton-bernie-sanders-mad-ap-1160.jpg
11,http://img.huffingtonpost.com/asset/2000_1000/561db93a1200002e007e50be.jpeg?cache=yapjwocohx
11,http://media2.s-nbcnews.com/j/MSNBC/Components/Video/__NEW/n_qc_amsanders_151014.video_1067x600.jpg
11,http://img.huffingtonpost.com/asset/2000_1000/561db41712000026007e50b7.jpeg?cache=oheu6vqtzm
11,http://img.huffingtonpost.com/asset/2000_1000/5620f6ea1400002b003c8676.jpeg?cache=zlmputvwzh
11,http://media2.s-nbcnews.com/i/MSNBC/Components/Video/__NEW/a_mtp_sandersfull_151011.jpg
11,https://img.washingtonpost.com/rf/image_1484w/2010-2019/WashingtonPost/2015/10/16/National-Politics/Images/2015-10-15T040121Z_01_LUC32_RTRIDSP_3_USA-ELECTION-SANDERS-4073.jpg
11,http://img.huffingtonpost.com/asset/2000_1000/56242f0a1400002b003c87e1.jpeg
11,http://www.msnbc.com/sites/msnbc/files/styles/ratio--1_91-1--1200x630/public/493234088.jpg?itok=NXLhCg8f
12,http://img.huffingtonpost.com/asset/2000_1000/5624eee11200002e007e5607.jpeg?cache=nqorzrwwqw
12,https://static01.nyt.com/images/2015/10/20/business/20UP-Socialist/20UP-Socialist-master675.jpg
12,http://c7.nrostatic.com/sites/default/files/page_2012_200_kurtz_square.jpg
12,https://si.wsj.net/public/resources/images/BN-KV914_riley1_G_20151020165332.jpg
12,http://i2.cdn.turner.com/cnnnext/dam/assets/151020115326-james-woods-bernie-sanders-large-tease.jpg
12,http://i.huffpost.com/gen/3566528/images/o-BERNIE-SANDERS-facebook.jpg
12,https://img.washingtonpost.com/rf/image_1484w/2010-2019/WashingtonPost/2015/10/22/Editorial-Opinion/Images/sanderscollege_socialpanel-5_1022.jpg
12,http://www.msnbc.com/sites/msnbc/files/styles/ratio--1_91-1--1200x630/public/gettyimages-494112090__1445782770.jpg?itok=-EVQw37I
12,http://img.huffingtonpost.com/asset/2000_1000/562c42f01400002200c7ac3f.jpeg
12,https://img.washingtonpost.com/rf/image_1484w/2010-2019/WashingtonPost/2015/10/25/National-Politics/Images/DEM_2016_Sanders-0386e-3893.jpg
12,http://i2.cdn.turner.com/cnnnext/dam/assets/151014063428-01-hillary-debate-1014-large-tease.jpg
12,http://media1.s-nbcnews.com/j/newscms/2015_43/1275086/25t031731z_240187923_gf20000031664_rtrmadp_3_usa-election-dinner-democrats_1a7dba9be8764c057ebfb16fb790e62c.nbcnews-fp-1200-800.jpg
13,http://assets.bwbx.io/images/users/iqjWHBFdfxIU/ihRpdpHQjCnQ/v5/-1x-1.jpg
13,http://img.huffingtonpost.com/asset/2000_1000/562e465c1900002d00b94dc0.jpeg
13,https://img.washingtonpost.com/rf/image_1484w/2010-2019/WashingtonPost/2015/10/27/National-Politics/Images/DEM_2016_Sanders-0386e-3832.jpg
13,http://media3.s-nbcnews.com/j/newscms/2015_44/1280481/151028-bernie-sanders-2159_9aa447d88e48eecd51c3fbad2b7bd220.nbcnews-fp-1200-800.jpg
13,http://img.huffingtonpost.com/asset/2000_1000/56312b251c00006f00570da7.jpeg?cache=s1dtkkb8np
13,http://www.msnbc.com/sites/msnbc/files/styles/ratio--1_91-1--1200x630/public/dem_2016_sanders.jpeg-00d90.jpg?itok=rfgxB_54
13,http://static.politico.com/36/d5/2d619ec8447e9cca0f36ae70766d/151029-bernie-sanders-ap-11160.jpg
13,http://c2.nrostatic.com/sites/default/files/uploaded/bernie-sanders-conspiracy-theories-r.jpg
13,https://static01.nyt.com/images/2015/11/01/us/01sanders/01sanders-master768.jpg
14,http://media3.s-nbcnews.com/j/newscms/2015_45/1287326/151102-hillary-clinton-jsw-1120p_0e353d627c0cab9a2a8992589ad1ea9d.nbcnews-fp-1200-800.jpg
14,http://img.huffingtonpost.com/asset/2000_1000/563ac2ae29000030004dc39f.jpeg
14,http://img.huffingtonpost.com/asset/2000_1000/563a3e7a1400002b003c9e81.jpeg
14,http://i2.cdn.turner.com/cnnnext/dam/assets/151104151205-marco-rubio-bernie-sanders-composite-large-tease.jpg
14,http://i2.cdn.turner.com/cnnnext/dam/assets/151029100536-bernie-sanders-october-28-large-tease.jpg
14,http://cbsnews1.cbsistatic.com/hub/i/r/2015/11/05/9bce9c79-f544-42ab-84c0-4a669065055a/thumbnail/1200x630/759ff4a454999ec44392cd521cb4f063/2015-10-30t235845z1509475918gf20000039717rtrmadp3usa-election-sanders.jpg
14,http://static.politico.com/53/7a/040486c94745b98b04aaccd3f9ef/151105-bernie-sanders-ap-1160.jpg
14,https://img.washingtonpost.com/rf/image_1484w/2010-2019/WashingtonPost/2015/09/12/Others/Images/2015-09-12/___b_111442085190.jpg
14,http://media1.s-nbcnews.com/j/MSNBC/Components/Video/__NEW/2015-11-07T02-00-47-033Z--1280x720.video_1067x600.jpg
14,http://www.msnbc.com/sites/msnbc/files/styles/ratio--1_91-1--1200x630/public/ap_341221772476.jpg?itok=Q47dD7N6
14,http://cbsnews2.cbsistatic.com/hub/i/r/2015/11/07/fb6f555c-86fa-4450-bdf5-2a5b4fb865b7/thumbnail/1200x630/0c131e95317efefa9f14c8047f312465/bernie-sanders-walk-promo.jpg
15,http://static.politico.com/6d/86/c5f9b638400c93a3db8a72c46777/151106-bernie-sanders-1-ap-1160.jpg
15,http://img.huffingtonpost.com/asset/2000_1000/564242e51800009d00304511.jpeg
15,http://www.msnbc.com/sites/msnbc/files/styles/ratio--1_91-1--1200x630/public/ap410474066715_copy.jpg?itok=QYG4yghS
15,http://static.politico.com/04/29/b0df541e40999bd32f0edb9a5d36/151112-sanders-gty-2-1160.jpg
15,http://i2.cdn.turner.com/cnnnext/dam/assets/150211170046-lead-intv-david-axelrod-senior-adviser-obama-00000125-medium-plus-169.jpg
15,http://cbsnews1.cbsistatic.com/hub/i/r/2015/11/15/5cf18bd8-8da0-45d3-bf66-1e44b246f6a6/thumbnail/1200x630/3c9adefc5c98fe6718ddb32bbbfd78ad/demdebatepart4467115640x360.jpg
15,https://si.wsj.net/public/resources/images/BN-LG602_DEBATE_G_20151114213924.jpg
15,https://img.washingtonpost.com/rf/image_1484w/2010-2019/Wires/Images/2015-11-14/AP/DEM_2016_Debate-0cb49.jpg
15,http://img.huffingtonpost.com/asset/2000_1000/5647fba4180000a700304be6.jpeg
15,https://images.washingtonpost.com/?url=http://img.washingtonpost.com/blogs/the-fix/files/2015/11/APW1183988.jpg&w=1484&op=resize&opt=1&filter=antialias
15,http://img.huffingtonpost.com/asset/2000_1000/5647f3c51400006f023cad22.jpeg
15,http://cbsnews2.cbsistatic.com/hub/i/r/2015/11/15/f455aeb3-ec08-4d55-8f51-f08a0a5d5bf6/thumbnail/1200x630/9da0ad6a762cd236370ab5cd8a6c3668/ftnsanders1115.jpg
16,http://i.huffpost.com/gen/3672434/images/o-BERNIE-HILLARY-facebook.jpg
16,https://si.wsj.net/public/resources/images/BN-LH923_LABOR1_G_20151117170250.jpg
16,http://static.politico.com/9a/a8/879452a9454fadbc5dc72bf5ce82/151117-bernie-sanders-gty-1160.jpg
16,https://images.washingtonpost.com/?url=http://img.washingtonpost.com/blogs/post-politics/files/2015/10/DEM_2016_Sanders-01337_image_982w.jpg&w=1484&op=resize&opt=1&filter=antialias
16,http://www.msnbc.com/sites/msnbc/files/styles/ratio--1_91-1--1200x630/public/rts80fj_copy.jpg?itok=IyvPmsIS
16,http://v.politico.com/images/1155968404/201511/2773/1155968404_4622155356001_4622099657001-vs.jpg?pubId=1155968404
16,http://media1.s-nbcnews.com/j/newscms/2015_45/1293126/151106-bernie-sanders-black-voters-yh-1027p_48f14f1e906be745488fdf5e12f22641.nbcnews-fp-1200-800.jpg
17,http://www.msnbc.com/sites/msnbc/files/styles/ratio--1_91-1--1200x630/public/rtx1v756.jpg?itok=TUBBoREz
17,http://img.huffingtonpost.com/asset/2000_1000/5653f0d62100003e005ab832.jpeg?cache=mj1aa8yjnc
17,https://static01.nyt.com/images/2015/11/25/us/26SANDERSweb1/26SANDERSweb1-master768.jpg
17,https://si.wsj.net/public/resources/images/BN-LL860_DEBSjp_G_20151127120656.jpg
17,https://static01.nyt.com/images/2015/11/27/us/28sanders-web/28sanders-web-master768.jpg
19,http://img.huffingtonpost.com/asset/2000_1000/5664f63e1b0000520129f541.jpeg
19,http://media4.s-nbcnews.com/j/newscms/2015_49/1321191/151130-sanders_bernie_hernia-1437_19046cd854982b1d8dff54a7345a4aa2.nbcnews-fp-1200-800.jpg
19,http://static.politico.com/b3/69/bf9f1f934be69240eee7857d8549/20151204-thirdwary-sanderscantwin-gettyjpg.jpg
19,https://img.washingtonpost.com/rf/image_1484w/2010-2019/WashingtonPost/2015/12/06/National-Politics/Images/Congress_Guns-068b1-3258.jpg
19,http://www.msnbc.com/sites/msnbc/files/styles/ratio--1_91-1--1200x630/public/ap_908925735808.jpg?itok=yWjnXGEa
19,https://img.washingtonpost.com/rf/image_1484w/2010-2019/WashingtonPost/2015/11/12/National-Politics/Images/DEM_2016_Sanders-0bddb.jpg
19,http://a57.foxnews.com/media2.foxnews.com/thumbnails/i/031414/0/0/031414_factor_bernie_640.jpg?ve=1
19,http://media4.s-nbcnews.com/j/newscms/2015_50/1336861/alight-aconcertforprogressonraceinamerica-backstage-jpeg-062d6_aa537726324d032e5f2d068c39c5ae41.nbcnews-fp-1200-800.jpg
19,http://i.huffpost.com/gen/3772660/images/o-BERNIE-SANDERS-facebook.jpg
20,http://c3.nrostatic.com/sites/default/files/page_2014_200_geraghty_square_1.jpg
20,http://www.msnbc.com/sites/msnbc/files/styles/ratio--1_91-1--1200x630/public/gettyimages-501639872.jpg?itok=EsfNiNVI
20,http://media3.s-nbcnews.com/j/newscms/2015_51/1343376/151216-bernie-sanders-cornel-west_4bef5151ad0ed38775a4a50bf85e36fc.nbcnews-fp-1200-800.jpg
20,http://static.politico.com/09/1a/2ed088b74f29818cd9b058b62706/lede-151217-bernie-sanders-gty-1160.jpg
20,https://si.wsj.net/public/resources/images/BN-LT460_1217BE_G_20151217123458.jpg
20,http://www.msnbc.com/sites/msnbc/files/styles/ratio--1_91-1--1200x630/public/ap_883904872763.jpg?itok=bmkTOQGR
20,http://i2.cdn.turner.com/cnnnext/dam/assets/151218201000-hillary-clinton-debbie-wasserman-schultz-bernie-sanders-composite-2-large-tease.jpg
20,http://v.politico.com/images/1155968404/201512/2683/1155968404_4667436167001_Bernie.jpg?pubId=1155968404
20,http://static.politico.com/be/cc/af5a368c4aaaaa8208b783c4ac21/bernie-sanders-4-ap-629.jpg
20,http://media3.s-nbcnews.com/j/newscms/2015_51/1346881/151218-bernie-sanders-iowa-829p_d0a213ff09f1b7c589bb3354ed70088e.nbcnews-fp-1200-800.jpg
20,http://img.huffingtonpost.com/asset/2000_1000/5674ed5d160000b300eb948b.jpeg?cache=ysjie71sdl
21,http://img.huffingtonpost.com/asset/2000_1000/567836e9190000190178a687.jpeg
21,http://i2.cdn.turner.com/cnnnext/dam/assets/151218074856-bernie-sanders-december-7-2015-large-tease.jpg
21,http://img.huffingtonpost.com/asset/2000_1000/567a12031f0000c000e9c6d4.jpeg
21,http://cbsnews2.cbsistatic.com/hub/i/r/2015/11/19/a944c3fd-7de9-485f-8ffb-17a7419b62fd/thumbnail/1200x630/7e4b846f9b9a2b2ca3c26dce7a3521a7/2015-11-19t200527z991527862gf20000066507rtrmadp3usa-election-sanders.jpg
21,http://img.huffingtonpost.com/asset/2000_1000/567b4f871f0000c000e9c7ec.jpeg
21,http://cbsnews3.cbsistatic.com/hub/i/r/2015/12/27/a2a77805-69f7-4e6a-b1c2-1ef47408e3b5/thumbnail/1200x630/e8c6669604e243bdc99aa6a09b577d1c/ftnsanders11227.jpg
21,https://img.washingtonpost.com/rf/image_1484w/2010-2019/WashingtonPost/2015/12/25/Editorial-Opinion/Images/502373248-1629.jpg
21,http://i2.cdn.turner.com/cnnnext/dam/assets/151209074408-bernie-sanders-donald-trump-large-tease.jpg
22,http://static.politico.com/a8/f6/dd56e27f4f06b236a9f9420c9231/gettyimages-502373252.jpg
22,https://assets.bwbx.io/images/users/iqjWHBFdfxIU/iWH6rZ4xbjEo/v1/1200x-1.jpg
22,https://images.washingtonpost.com/?url=http://img.washingtonpost.com/blogs/post-politics/files/2015/10/491178000_image_982w.jpg&w=1484&op=resize&opt=1&filter=antialias
22,http://i.huffpost.com/gen/3840354/images/o-BERNIE-SANDERS-facebook.jpg
22,https://static01.nyt.com/images/2016/01/02/us/sanders-firstdraft/sanders-firstdraft-thumbLarge.jpg
22,https://si.wsj.net/public/resources/images/BN-LX922_bernie_G_20160102133732.jpg
22,http://i2.cdn.turner.com/cnnnext/dam/assets/151225074428-bernie-sanders-december-19-2015-large-tease.jpg
22,http://img.huffingtonpost.com/asset/2000_1000/5689375a1600000001eb9dc2.jpeg
23,http://assets.bwbx.io/images/users/iqjWHBFdfxIU/i6p.aqniYLLU/v5/-1x-1.jpg
23,http://assets.bwbx.io/images/users/iqjWHBFdfxIU/i8i1XHLCBUOc/v5/-1x-1.jpg
23,https://si.wsj.net/public/resources/images/BN-LZ059_SANDER_G_20160105162909.jpg
23,http://media1.s-nbcnews.com/j/MSNBC/Components/Video/__NEW/2016-01-06T13-23-50-4Z--1280x720.video_1067x600.jpg
23,http://media4.s-nbcnews.com/j/newscms/2015_53/1356866/151229-bernie-sanders-mn-1040_09db889e45dfad9da33d7b81554c7873.nbcnews-fp-1200-800.jpg
23,http://static.politico.com/2f/19/215196614059944263ed43cefe1b/democrats-in-nevada-with-reid.jpg
23,http://static.politico.com/a7/a3/aa5d7af14a909fd84d2b80cdb8ac/150930-elizabeth-warren-gty-629.jpg
23,http://media1.s-nbcnews.com/j/MSNBC/Components/Video/__NEW/2016-01-08T01-40-53-266Z--1280x720.video_1067x600.jpg
23,http://www.bloomberg.com/features/2016-bernie-sanders-fundraising/img/bernie_sanders_offstage_1200x630.jpg
23,http://i.huffpost.com/gen/3863954/images/o-BERNIE-SANDERS-facebook.jpg
23,http://media1.s-nbcnews.com/j/newscms/2016_01/1368881/160108-clintion_guns-1852_ddb3f530a786a506c141bd03e24c78a8.nbcnews-fp-1200-800.jpg
23,http://v.politico.com/images/1155968404/201601/3467/1155968404_4692439295001_Bernz.jpg?pubId=1155968404
23,http://www.msnbc.com/sites/msnbc/files/styles/ratio--1_91-1--1200x630/public/gettyimages-503500120.jpg?itok=YN6szAmP
23,http://www.investors.com/wp-content/uploads/ibd-migrated-images/CAPHILL07-bernie-011116-newscom.jpg
23,https://si.wsj.net/public/resources/images/BN-MA502_Sander_G_20160108181529.jpg
23,http://i2.cdn.turner.com/cnnnext/dam/assets/160109135123-bernie-sanders-bill-clinton-composite-large-tease.jpg
23,https://img.washingtonpost.com/rf/image_1484w/2010-2019/Wires/Images/2015-12-31/AP/DEM_2016_Sanders-09e95.jpg
23,http://assets.bwbx.io/images/users/iqjWHBFdfxIU/i14lmFKHqbtU/v5/-1x-1.jpg
23,http://cbsnews2.cbsistatic.com/hub/i/r/2015/10/21/e28fb84d-6fd4-408f-95e8-b288d76329ec/thumbnail/1200x630/00cb379e6387e773610cb9e3ad8eaa5e/2015-10-21t163920z1336045427tb3ebal1a998nrtrmadp3usa-election-biden.jpg
23,https://static01.nyt.com/images/2016/01/12/us/12firstdraft-monmouth/12firstdraft-monmouth-facebookJumbo.jpg
23,http://img.huffingtonpost.com/asset/2000_1000/569559bc1f00002300215ba6.png?cache=gccxl0jqyz
23,http://cbsnews2.cbsistatic.com/hub/i/r/2015/12/15/1c90ae6f-f3c4-4321-add5-11d89913b65f/thumbnail/1200x630/2d3f8f367d25cb777835935d9e483d3f/rts4cpx.jpg
23,https://static01.nyt.com/images/2016/01/12/us/13PASSIONweb1/13PASSIONweb1-master768-v2.jpg
23,http://media1.s-nbcnews.com/j/MSNBC/Components/Video/__NEW/2016-01-13T18-19-39-433Z--1280x720.video_1067x600.jpg
23,http://i2.cdn.turner.com/cnnnext/dam/assets/160113144506-bernie-sanders-january-5-2016-large-tease.jpg
23,http://www.investors.com/wp-content/uploads/ibd-migrated-images/CAPhill03_Sanders_AP.jpg
24,http://assets.bwbx.io/images/users/iqjWHBFdfxIU/immW_EbytBx0/v2/1200x-1.jpg
24,https://img.washingtonpost.com/rf/image_1484w/2010-2019/Wires/Images/2015-12-31/AP/DEM_2016_Sanders-09e95.jpg
24,http://assets.bwbx.io/images/users/iqjWHBFdfxIU/i14lmFKHqbtU/v5/-1x-1.jpg
24,http://cbsnews2.cbsistatic.com/hub/i/r/2015/10/21/e28fb84d-6fd4-408f-95e8-b288d76329ec/thumbnail/1200x630/00cb379e6387e773610cb9e3ad8eaa5e/2015-10-21t163920z1336045427tb3ebal1a998nrtrmadp3usa-election-biden.jpg
24,https://static01.nyt.com/images/2016/01/12/us/12firstdraft-monmouth/12firstdraft-monmouth-facebookJumbo.jpg
24,http://img.huffingtonpost.com/asset/2000_1000/569559bc1f00002300215ba6.png?cache=gccxl0jqyz
24,http://assets.bwbx.io/images/users/iqjWHBFdfxIU/ivXNo8Irtm3k/v5/-1x-1.jpg
24,http://cbsnews2.cbsistatic.com/hub/i/r/2015/12/15/1c90ae6f-f3c4-4321-add5-11d89913b65f/thumbnail/1200x630/2d3f8f367d25cb777835935d9e483d3f/rts4cpx.jpg
24,https://static01.nyt.com/images/2016/01/12/us/13PASSIONweb1/13PASSIONweb1-master768-v2.jpg
24,http://media1.s-nbcnews.com/j/MSNBC/Components/Video/__NEW/2016-01-13T18-19-39-433Z--1280x720.video_1067x600.jpg
24,http://www.investors.com/wp-content/uploads/ibd-migrated-images/CAPhill03_Sanders_AP.jpg
24,http://i.huffpost.com/gen/3881588/images/o-BERNIE-SANDERS-facebook.jpg
24,http://www.msnbc.com/sites/msnbc/files/styles/ratio--1_91-1--1200x630/public/rtx20ona.jpg?itok=JHG_mDHE
24,http://media4.s-nbcnews.com/j/newscms/2016_02/1375391/160113-sanders-left-clinton-right-yh-0909p_a133d22d6486038d423e2351cc6398ea.nbcnews-fp-1200-800.jpg
24,http://c4.nrostatic.com/sites/default/files/uploaded/related_chelsea-clinton_gd_160114.jpg
24,https://i.ytimg.com/vi/8pmw5CAc3rk/maxresdefault.jpg
24,http://cbsnews2.cbsistatic.com/hub/i/r/2015/11/15/c7b2797d-c8a1-448c-b9d1-5d5f2e5a6fb4/thumbnail/1200x630/6f8f1cd46b1aa43800cab658ce748e8d/2015-11-15t020824z1032349605tb3ebbf05xqavrtrmadp3usa-election-democrats-debate.jpg
24,http://cbsnews3.cbsistatic.com/hub/i/r/2016/01/15/440e9369-c3de-4e42-a8d4-b6ce074a1a82/thumbnail/1200x630/eb8da9149674fffdffd5bd3c4b124b0c/ctmsanders0115rep483306640x360.jpg
24,http://cbsnews1.cbsistatic.com/hub/i/r/2015/08/29/7dc6ccc6-6114-4269-b3da-528f826e1f61/thumbnail/1200x630/eec3691e5cafd80468eb703ab9011048/sanders-clinton.jpg
24,http://img.huffingtonpost.com/asset/2000_1000/569a901c1a00002d00ab0b51.jpeg
25,https://img.washingtonpost.com/rf/image_1484w/2010-2019/WashingtonPost/2016/01/18/Production/Daily/A-Section/Images/2016-01-18T020441Z_01_HRB225_RTRIDSP_3_USA-ELECTION.jpg
25,http://media3.s-nbcnews.com/j/newscms/2016_03/1380456/160118-sanders-clinton-1001_2c005da85efdd1b6ab547ce7ab9323aa.nbcnews-fp-1200-800.jpg
25,http://cbsnews3.cbsistatic.com/hub/i/r/2016/01/18/05e8ce2a-9b57-4860-8e5c-64df825f9232/thumbnail/1200x630/eb3f68e57c002df7696faba89c8c1425/gettyimages-505433608.jpg
25,http://v.politico.com/images/1155968404/201601/3241/1155968404_4709368502001_Screen-Shot-2016-01-18-at-12-00-47-AM.jpg?pubId=1155968404
25,http://www.msnbc.com/sites/msnbc/files/styles/ratio--1_91-1--1200x630/public/rtx22pqg-2.jpg?itok=klKScaOk
25,http://cbsnews3.cbsistatic.com/hub/i/r/2016/01/18/0f23f8cc-39b0-4067-8ac2-38fe97a33105/thumbnail/1200x630/28c34a117dc173f4f165f49e5b37fe8a/2016-01-18t025830z745878854tb3ec1i08989yrtrmadp3usa-election.jpg
25,http://i2.cdn.turner.com/cnnnext/dam/assets/160113144506-bernie-sanders-january-5-2016-large-tease.jpg
25,https://si.wsj.net/public/resources/images/BN-MD439_democr_G_20160117021937.jpg
25,https://si.wsj.net/public/resources/images/BN-MD269_3clint_G_20160115164715.jpg
25,https://si.wsj.net/public/resources/images/BN-MD779_DEMS01_G_20160118165616.jpg
25,http://media4.s-nbcnews.com/j/newscms/2016_03/1381131/160118-bernie-sanders-2209_500346d698bd7c4b249d8ab9c5db3ab3.nbcnews-fp-1200-800.jpg
25,http://www.msnbc.com/sites/msnbc/files/styles/ratio--1_91-1--1200x630/public/markpeterson20160117_044.jpg?itok=5x3CAb7o
25,https://assets.bwbx.io/images/users/iqjWHBFdfxIU/iZBu3zpoQn8I/v2/-1x-1.jpg
25,http://media1.s-nbcnews.com/j/newscms/2016_03/1380411/ap_319460650983_1398e9cbd5cc1ea6176e74c25e1a5860.nbcnews-fp-1200-800.jpg
25,http://c8.nrostatic.com/sites/default/files/uploaded/related_bernie-sanders_gd_160119.jpg
25,http://i2.cdn.turner.com/cnnnext/dam/assets/160117124029-burns-bernie-sanders-large-tease.jpg
25,http://cbsnews3.cbsistatic.com/hub/i/r/2016/01/18/99379d87-e882-4aff-a5d0-7d2ff1fc9723/thumbnail/1200x630/4b7f318f5735cd0e29d6c3b265549659/2016-01-18t021211z1525480303tb3ec1i06412ortrmadp3usa-electioncrop.jpg
25,http://cbsnews2.cbsistatic.com/hub/i/r/2016/01/17/8367d2c9-33cb-4382-a7c0-dc15419fda23/thumbnail/1200x630/6fa893366b6cb92b766969a3d74add87/ftnsanderswebhealthcare117.jpg
25,http://cbsnews1.cbsistatic.com/hub/i/r/2016/01/18/a07cc582-5975-4d52-a0ca-d0b942106e9a/thumbnail/1200x630/81bb486d5fb7bbf6d5d49e83b6a16ecc/ap949488766035.jpg
25,http://www.msnbc.com/sites/msnbc/files/styles/ratio--1_91-1--1200x630/public/rtx22th5.jpg?itok=Oqv5RS4t
25,https://static01.nyt.com/images/2016/01/19/us/jpSTRATEGY/jpSTRATEGY-master768.jpg
25,http://static.politico.com/82/6f/882d85ac49c29aed75696223b4b2/160119-bernie-sanders-gty-1160.jpg
25,https://assets.bwbx.io/images/users/iqjWHBFdfxIU/i4XQ_coWVubM/v2/-1x-1.jpg
25,http://c1.nrostatic.com/sites/default/files/page_2014_200_richwine.jpg
25,http://www.msnbc.com/sites/msnbc/files/styles/ratio--1_91-1--1200x630/public/ap_671963791315.jpg?itok=6S5b8HN3
25,http://www.msnbc.com/sites/msnbc/files/styles/ratio--1_91-1--1200x630/public/rtx21xx4.jpg?itok=RexyN93n
25,http://media1.s-nbcnews.com/j/MSNBC/Components/Video/__NEW/2016-01-20T02-50-48-9Z--1280x720.video_1067x600.jpg
25,http://i2.cdn.turner.com/cnnnext/dam/assets/160119160202-bernie-sanders-hillary-clinton-poll-jan-19-large-tease.jpg
25,http://media1.s-nbcnews.com/j/MSNBC/Components/Video/__NEW/2016-01-20T11-08-39-266Z--1280x720.video_1067x600.jpg
26,http://media3.s-nbcnews.com/j/newscms/2016_03/1380386/160118-bernie-sanders-jsw-910a_e30af4787aa7e22212e09cd28707f1ca.nbcnews-fp-1200-800.jpg
26,http://cbsnews3.cbsistatic.com/hub/i/r/2016/01/24/ad0cdac7-eb79-44ee-be64-c53480ecdba4/thumbnail/1200x630/2aec68709218a6c597fd8afa0f10af16/ftnsanders10124.jpg
26,http://img.huffingtonpost.com/asset/2000_1000/56a4f6e11f00007f00216903.jpeg?cache=elghvnx3fc
26,http://cbsnews2.cbsistatic.com/hub/i/r/2015/11/24/441d9366-2e01-4adb-bccc-44a0231c7249/thumbnail/1200x630/776a43e92acefe634a2cc29a500b76e1/rtx1vn7s.jpg
26,https://static01.nyt.com/images/2016/01/25/us/25firstdraft-bamberg/25firstdraft-bamberg-facebookJumbo.jpg
26,http://static.politico.com/fa/d5/2318042c424c94c068008c67dc96/20160120-bernie-sanders-1-gty-1160.jpg
26,http://c9.nrostatic.com/sites/default/files/uploaded/related_bernie-sanders_gd_160126.jpg
26,https://assets.bwbx.io/images/users/iqjWHBFdfxIU/il.F6Ts4bvaQ/v2/-1x-1.jpg
26,http://cbsnews1.cbsistatic.com/hub/i/r/2016/01/25/5ae0c698-a0da-4ac3-8ee6-95df6cbb09ed/thumbnail/1200x630/9ae26e44c8b1df0eaa3a842e1fc6d17a/berniesyearning.png
26,https://images.washingtonpost.com/?url=http://img.washingtonpost.com/blogs/the-fix/files/2016/01/Screen-Shot-2016-01-25-at-1.16.27-PM.png&w=1484&op=resize&opt=1&filter=antialias
26,https://img.washingtonpost.com/rf/image_1484w/2010-2019/WashingtonPost/2016/01/26/Editorial-Opinion/Images/2016-01-26T005554Z_01_MK027_RTRIDSP_3_USA-ELECTION-SANDERS-1412.jpg
26,http://img.youtube.com/vi/6XsWkwakVlA/0.jpg
26,http://www.investors.com/wp-content/uploads/2016/01/EDIT3-sanders-012716newscom.jpg
26,http://www.msnbc.com/sites/msnbc/files/styles/ratio--1_91-1--1200x630/public/502373240.jpg?itok=R2iyVURn
26,http://media4.s-nbcnews.com/j/newscms/2016_04/1390276/160126-bernie-sanders-jpo-544a_c7c9b0123dfd15c63fa7cc6148b073c6.nbcnews-fp-1200-800.jpg
26,http://i.huffpost.com/gen/3928146/images/o-SANDERS-facebook.jpg
26,http://i2.cdn.turner.com/cnnnext/dam/assets/160125220910-bernie-sanders-town-hall-jan-25-large-tease.jpg
26,http://cbsnews2.cbsistatic.com/hub/i/r/2016/01/26/bba674ed-9bce-45c7-bfff-fba6b31c8e81/thumbnail/1200x630/84174dc7a1ebf2d68b5fc19dff9ed3b9/2016-01-26t024829z766199692gf20000107186rtrmadp3usa-election.jpg
26,https://img.washingtonpost.com/rf/image_1484w/2010-2019/WashingtonPost/2016/01/27/National-Politics/Images/DEM_2016_Sanders-0541b-3695.jpg
26,http://c6.nrostatic.com/sites/default/files/uploaded/bernie-sanders-donald-trump-populism-r.jpg
26,https://si.wsj.net/public/resources/images/BN-MH788_2sz3n_G_20160127141753.jpg
26,http://media2.s-nbcnews.com/j/newscms/2016_04/1393016/160127-bernie-sanders-white-house-838p_e590efcc886cb3f63147dcde9f48669e.nbcnews-fp-1200-800.jpg
26,http://a57.foxnews.com/media2.foxnews.com/BrightCove/694940094001/2016/01/27/0/0/694940094001_4724529776001_012716-hn-bernie-1280.jpg?ve=1
26,http://www.msnbc.com/sites/msnbc/files/styles/ratio--1_91-1--1200x630/public/rtx245n0.jpg?itok=rS7uqkh4
26,https://si.wsj.net/public/resources/images/BN-MH834_DEMPOL_P_20160127160210.jpg
26,https://assets.bwbx.io/images/users/iqjWHBFdfxIU/iSnFSLKt23GM/v3/-1x-1.jpg
26,http://img.huffingtonpost.com/asset/2000_1000/56a9292c2a00006e00031669.jpeg
26,http://www.msnbc.com/sites/msnbc/files/styles/ratio--1_91-1--1200x630/public/rtx23txl.jpg?itok=ntru3G2i
26,http://a57.foxnews.com/media2.foxnews.com/2016/01/28/0/0/012816_judge_clinton_1280.jpg?ve=1
26,http://media2.s-nbcnews.com/j/newscms/2016_03/1385171/cornel4_6654fff8fad054a78a677d3b58129eba.nbcnews-fp-1200-800.jpg
27,http://media2.s-nbcnews.com/j/MSNBC/Components/Video/__NEW/n_qc_2_bernie2_160131.video_1067x600.jpg
27,http://static.politico.com/25/96/b32291e846ecbaf7e529d52fe6cf/160130-bernie-ap-1160.jpg
27,http://img.huffingtonpost.com/asset/2000_1000/56ae25d62a00006e000319f1.jpeg?cache=vwyqosz3ko
27,http://img.huffingtonpost.com/asset/2000_1000/56ae4fe01f0000500021703d.jpeg
27,http://cdn.static-economist.com/sites/default/files/images/2016/02/blogs/democracy-america/20160206_blp903.jpg
27,http://media2.s-nbcnews.com/j/newscms/2016_05/1399291/ap_719182485817_a474a2645d38788890999a86822265bd.nbcnews-fp-1200-800.jpg
27,https://assets.bwbx.io/images/users/iqjWHBFdfxIU/i5dK0Jtwer4o/v2/1200x-1.jpg
27,http://media1.s-nbcnews.com/j/MSNBC/Components/Video/__NEW/bernie.video_1067x600.jpg
27,http://static.politico.com/0a/fb/39d3a22c40dfbf0df728ac99d550/160202-bernie-sanders-ap-1160.jpg
27,http://c9.nrostatic.com/sites/default/files/page_2014_200_hillyer.jpg
27,https://img.washingtonpost.com/rf/image_1484w/2010-2019/Wires/Images/2016-02-02/Bloomberg/250804042_3.jpg
27,https://img.washingtonpost.com/rf/image_1484w/2010-2019/WashingtonPost/2016/02/02/National-Politics/Images/APTOPIX_DEM_2016_Sanders-08682.jpg
27,http://cbsnews3.cbsistatic.com/hub/i/r/2016/02/02/4a84b4b5-8591-42cf-8f2a-aaa5d383991f/thumbnail/1200x630/16bd37834627dfeff2dd0ad04ea7b806/2016-02-02t100405z706498424d1beskrqhxabrtrmadp3usa-election-sanders.jpg
27,https://si.wsj.net/public/resources/images/BN-MJ908_DEMWIN_G_20160201214643.jpg
27,https://si.wsj.net/public/resources/images/BN-MK206_CLINTO_G_20160202132415.jpg
27,http://media1.s-nbcnews.com/j/newscms/2016_05/1400956/160202-hillary-clinton-mn-1620_1eaa0d16c366721c486d2a5f565af494.nbcnews-fp-1200-800.jpg
27,https://static01.nyt.com/images/2016/02/02/us/02dems-jp1/02dems-jp1-master768.jpg
27,http://media4.s-nbcnews.com/j/newscms/2016_05/1399941/ss-160202-iowa-caucus-jpo-04_1149a99cf7b85169a45433129aded885.nbcnews-fp-1200-800.jpg
27,https://assets.bwbx.io/images/users/iqjWHBFdfxIU/imSSTexhc.Ko/v1/-1x-1.jpg
27,http://cbsnews1.cbsistatic.com/hub/i/r/2016/02/03/a9be40e1-d3f2-4a00-afc7-9891cd0f7913/thumbnail/1200x630/00484e61f46442a7154202b952ff705c/020316-sanders-iso-ctm.jpg
27,http://media2.s-nbcnews.com/j/MSNBC/Components/Video/__NEW/n_qc_2_bernmov_160203.video_1067x600.jpg
27,http://i2.cdn.turner.com/cnnnext/dam/assets/160203110011-bernie-sanders-large-tease.jpg
27,http://i.huffpost.com/gen/3958914/images/o-BERNIE-SANDERS-facebook.jpg
27,http://i2.cdn.turner.com/cnnnext/dam/assets/160202154239-bernie-sanders-iowa-caucus-loss-response-nr-00002414-large-tease.jpg
28,https://si.wsj.net/public/resources/images/BN-MM527_SANDER_G_20160207194603.jpg
28,http://static.politico.com/b2/df/da81b5c24033a54c3e015c688c90/160207-bill-clinton-ap-1160.jpg
28,http://static.politico.com/c7/1e/5e4b7d6d4b05aa660c7f8f91f6d4/160204-bernie-sanders-6-gty-1160.jpg
28,http://media2.s-nbcnews.com/j/msnbc/components/video/__new/n_qc_1_berniesnl_160207.nbcnews-fp-1200-800.jpg
28,http://i2.cdn.turner.com/cnnnext/dam/assets/160207004711-bernie-sanders-snl-skit-00005713-large-tease.jpg
28,http://cbsnews1.cbsistatic.com/hub/i/r/2016/02/07/ed8e118e-071f-4f02-8792-d95c42982190/thumbnail/1200x630/d2ef76b25fd5897ea3e6166320c3bfd9/ftnclinton20207489363640x360.jpg
28,http://img.huffingtonpost.com/asset/2000_1000/56b6d11c1800006f0080b6b1.png
28,http://cbsnews2.cbsistatic.com/hub/i/r/2016/02/07/3134d88c-6272-4147-a218-3030cc297ee1/thumbnail/1200x630/02b15738a4932fb469c21ebe47afd529/ftnsanders10207.jpg
28,http://img.huffingtonpost.com/asset/2000_1000/56b7d09d1f00000d012177e8.jpeg
28,http://img.huffingtonpost.com/asset/2000_1000/56b81ef81a00002d00ab22a0.jpeg?cache=rr9buysyfn
28,http://i2.cdn.turner.com/cnnnext/dam/assets/160204224418-bernie-sanders-msnbc-debate-large-tease.jpg
28,http://www.msnbc.com/sites/msnbc/files/styles/ratio--1_91-1--1200x630/public/gettyimages-508978378.jpg?itok=wbBmDHxH
28,http://media1.s-nbcnews.com/j/newscms/2016_06/1407576/160208-usnews-bill-clinton-newhampshire-430a-jpg-0423_7c0cd1148f6c1037ba80bf20814c4144.nbcnews-fp-1200-800.jpg
28,http://www.msnbc.com/sites/msnbc/files/styles/ratio--1_91-1--1200x630/public/articles/508978384.jpg?itok=nKoTMNnM
28,http://cbsnews1.cbsistatic.com/hub/i/r/2016/01/08/76d8288a-dff7-44eb-b0ff-5a6d211146b6/thumbnail/1200x630/24528687309ecae329c16e2af0bc1225/2016-01-08t005027z1688652042gf20000087276rtrmadp3usa-election-clinton.jpg
28,http://c3.nrostatic.com/sites/default/files/uploaded/related_bernie-sanders2_gd_150831_0.jpg
28,http://www.msnbc.com/sites/msnbc/files/styles/ratio--1_91-1--1200x630/public/gettyimages-509085568.jpg?itok=Nws6SZuU
28,https://images.washingtonpost.com/?url=http://img.washingtonpost.com/news/morning-mix/wp-content/uploads/sites/21/2016/02/508978378.jpg&w=1484&op=resize&opt=1&filter=antialias
28,http://i2.cdn.turner.com/cnnnext/dam/assets/160209100122-bernie-sanders-feb-8-derry-nh-large-tease.jpg
28,https://assets.bwbx.io/images/users/iqjWHBFdfxIU/ipPEkV5_tD44/v2/-1x-1.jpg
28,https://img.washingtonpost.com/rf/image_1484w/2010-2019/WashingtonPost/2016/02/09/Others/Images/2016-02-09/_LP_2762-31455046145.jpg
28,http://a57.foxnews.com/media2.foxnews.com/BrightCove/694940094001/2016/01/31/0/0/694940094001_4731015809001_88e76841-126f-419a-95a3-3bd55bd95121.jpg?ve=1
28,http://cbsnews1.cbsistatic.com/hub/i/r/2016/02/10/32580d48-a03b-4b8b-a57a-5b60a5e6a0f1/thumbnail/1200x630/d8fec71dd341300d73c2dca9ae22cb32/rtx269e0.jpg
28,http://c1.nrostatic.com/sites/default/files/uploaded/related_bernie-sanders_gd_160210.jpg
28,http://c1.nrostatic.com/sites/default/files/uploaded/bernie-sanders-momentum-iowa-b-r_0.jpg
28,http://img.huffingtonpost.com/asset/2000_1000/56b917471800002d0080b85a.jpeg?cache=dlltlkffi6
28,http://media4.s-nbcnews.com/j/newscms/2016_06/1409176/160208-bernie-sanders-jsw-01_33ae243258cf580ee07a2983779209cf.nbcnews-fp-1200-800.jpg
29,https://si.wsj.net/public/resources/images/BN-MP250_2sande_G_20160214034001.jpg
29,http://img.huffingtonpost.com/asset/2000_1000/56be48041800006f0080be39.jpeg?cache=bzhrkr8t0i
29,http://media2.s-nbcnews.com/j/MSNBC/Components/Video/__NEW/n_qc_2_sandflint_160215.video_1067x600.jpg
29,https://assets.bwbx.io/images/users/iqjWHBFdfxIU/iFZWuCWWvTRc/v2/-1x-1.jpg
29,http://media2.s-nbcnews.com/j/newscms/2016_06/1415146/160212-bernie-sanders-rd-145a_01011a4e85797b2bb66899f3619c0d96.nbcnews-fp-1200-800.jpg
29,http://c7.nrostatic.com/sites/default/files/uploaded/donald-trump-bernie-sanders-hijack-culture-r.jpg
29,http://c1.nrostatic.com/sites/default/files/uploaded/bernie-sanders-donald-trump-magic-sells-r_0.jpg
29,http://static.politico.com/9f/a0/80d2bbe6499c844e194103d55eb4/20160210-scher-delegateknifefight-getty.jpg
29,http://media1.s-nbcnews.com/j/MSNBC/Components/Video/__NEW/n_qc_2_trumpsanders_160217__119450.video_1067x600.jpg
29,http://c2.nrostatic.com/sites/default/files/page_2014_200_lawler.jpg
29,https://img.washingtonpost.com/rf/image_1484w/2010-2019/Wires/Images/2016-02-17/AP/DEM_2016_Jane_Sanders-0f3ad.jpg
29,http://i2.cdn.turner.com/cnnnext/dam/assets/160207130945-gloria-steinem-large-tease.jpg
29,http://media3.s-nbcnews.com/j/newscms/2016_07/1423576/160218-bernie-sanders-michigan-yh-0442p_8b142007a063d82a4235c7265d11a8a9.nbcnews-fp-1200-800.jpg
29,http://www.msnbc.com/sites/msnbc/files/styles/ratio--1_91-1--1200x630/public/rtx27mk4.jpg?itok=tX_QjNtW
29,https://assets.bwbx.io/images/users/iqjWHBFdfxIU/iBAUtdnz3q.4/v2/-1x-1.jpg
29,https://img.washingtonpost.com/rf/image_1484w/2010-2019/WashingtonPost/2016/02/17/Production/Daily/Editorial-Opinion/Images/DEM_2016_Debate-0d88d.jpg
29,http://i2.cdn.turner.com/cnnnext/dam/assets/160204101631-town-hall-0203-sanders-clinton-split-small-169.jpg
29,https://img.washingtonpost.com/rf/image_1484w/2010-2019/WashingtonPost/2016/02/18/Editorial-Opinion/Images/0218_Oped_Koch.jpg
29,http://a57.foxnews.com/media2.foxnews.com/BrightCove/694940094001/2016/02/16/0/0/694940094001_4758801902001_45d5558e-ea0f-4c8b-b9cf-78aa98e88a13.jpg?ve=1
29,http://media2.s-nbcnews.com/j/newscms/2016_07/1421806/160217-arturo-bernie-mdl-404_96fe23d34346e252345d41fee33ad14e.nbcnews-fp-1200-800.jpg
29,http://media1.s-nbcnews.com/j/MSNBC/Components/Video/__NEW/snaps-bernie-photo-about-democratic-presidential-town-hall-on-msnbc-hd_b9.video_1067x600.jpg
29,http://www.msnbc.com/sites/msnbc/files/styles/ratio--1_91-1--1200x630/public/gettyimages-162017146.jpg?itok=JAL38qef
29,http://static.politico.com/63/6f/a87e347c4d6ea90ed56520274f77/160219-bernie-sanders-ap-1160.jpg
30,http://media1.s-nbcnews.com/j/newscms/2016_07/1426786/160220-clinton-nevada-speech-648p_b39651aed76931c3ca07afb996e4b9f9.nbcnews-fp-1200-800.jpg
30,https://img.washingtonpost.com/rf/image_1484w/WashingtonPost/Content/Blogs/the-fix/Images/511289586.jpg
30,http://i2.cdn.turner.com/cnnnext/dam/assets/160221103304-sotu-sanders-large-169.jpg
30,https://static01.nyt.com/images/2016/02/23/us/22SANDERSweb2/22SANDERSweb2-master768.jpg
30,http://cbsnews3.cbsistatic.com/hub/i/r/2016/02/21/5b4867e3-8582-4a3c-a84e-4d6aec433791/thumbnail/1200x630/f56d8f5340c9a1a3115dfbbc5dc1296d/ftnsandersfull0221.jpg
30,http://i2.cdn.turner.com/cnnnext/dam/assets/160215203748-hillary-clinton-bernie-sanders-composite-large-tease.jpg
30,http://static.politico.com/ce/a5/bf45237041b7977eeb54b8e34c39/160219-bernie-sanders-1160-gty.jpg
30,http://static.politico.com/78/3e/346131e444aab318b5a3a6f325e6/160218-bernie-sanders-1981-2-ap-1160.jpg
30,http://www.msnbc.com/sites/msnbc/files/styles/ratio--1_91-1--1200x630/public/articles/maddow_jealous.jpg?itok=qE85CNwZ
30,https://img.washingtonpost.com/rf/image_1484w/2010-2019/WashingtonPost/2016/02/21/Production/Digital/top-stories/Images/511441286.jpg
30,http://a57.foxnews.com/media2.foxnews.com/BrightCove/694940094001/2016/02/20/0/0/694940094001_4765899109001_043d3378-d2b9-4e7b-9078-29e4546d1ae7.jpg?ve=1
30,https://img.washingtonpost.com/rf/image_1484w/2010-2019/WashingtonPost/2016/02/22/Editorial-Opinion/Images/05174559.jpg
30,https://images.washingtonpost.com/?url=http://img.washingtonpost.com/news/acts-of-faith/wp-content/uploads/sites/45/2016/02/Bernie-Sanders.png&w=1484&op=resize&opt=1&filter=antialias
30,http://a57.foxnews.com/media2.foxnews.com/BrightCove/694940094001/2016/02/23/0/0/694940094001_4770165820001_61052910-3549-4d6a-b2c9-03b29d5afff0.jpg?ve=1
30,https://img.washingtonpost.com/rf/image_1484w/2010-2019/WashingtonPost/2016/02/23/Others/Images/2016-02-23/JN1_40421456251910.jpg
30,http://www.investors.com/wp-content/uploads/2016/02/EDIT2-khmer-022416-AP.jpg
30,https://images.washingtonpost.com/?url=http://img.washingtonpost.com/news/the-intersect/wp-content/uploads/sites/32/2016/02/sanders-sky.jpg&w=1484&op=resize&opt=1&filter=antialias
30,http://cbsnews3.cbsistatic.com/hub/i/r/2015/11/15/746b9277-97bf-4db3-99ca-e9158a1d2b88/thumbnail/1200x630/eb61600ae57d6b8d6a8a8374a45ab767/governors-awards-ceremony-spike-lee-1.jpg
30,http://assets.bwbx.io/images/users/iqjWHBFdfxIU/i0jiemHAVxQw/v5/-1x-1.jpg
30,http://i.huffpost.com/gen/4036424/images/o-BERNIE-SANDERS-facebook.jpg
30,http://media1.s-nbcnews.com/j/MSNBC/Components/Video/__NEW/2016-02-25T00-59-18-3Z--1280x720.video_1067x600.jpg
30,http://assets.bwbx.io/images/users/iqjWHBFdfxIU/iqpuI3ArjL.Q/v2/1200x-1.png
30,http://cbsnews2.cbsistatic.com/hub/i/r/2016/02/24/cef17315-3139-4b69-b70f-77a60b9079b6/thumbnail/1200x630g2/04b7a1e99cd8221570ed6e61838dbb84/rtx28aa8.jpg
30,https://img.washingtonpost.com/rf/image_1484w/2010-2019/WashingtonPost/2016/02/23/Others/Images/2016-02-23/JN1_36831456252391.jpg
30,http://img.huffingtonpost.com/asset/2000_1000/56cd8b331e0000220070ea36.png
30,http://static.politico.com/81/3f/1174cd07446095f8f815e500f943/160224-bernie-sanders-ap-1160.jpg
30,http://i2.cdn.turner.com/cnnnext/dam/assets/160224143415-bernie-sanders-february-24-2016-large-tease.jpg
31,http://cbsnews1.cbsistatic.com/hub/i/r/2016/02/28/3549e878-ff8d-40ea-8865-d68788bea445/thumbnail/1200x630/6e8a913b4875cc67038da26d1c78d140/ap653718579809.jpg
31,https://static01.nyt.com/images/2016/02/29/us/29levi-webALT/29levi-webALT-master768.jpg
31,http://media2.s-nbcnews.com/j/newscms/2016_08/1437226/160228-tulsi-gabbard-mn-1040_23f4be54d4cba554b6968a396625d6db.nbcnews-fp-1200-800.jpg
31,http://cbsnews3.cbsistatic.com/hub/i/r/2016/03/01/f82f2707-0b52-4f4a-9c9e-064b0f5892ee/thumbnail/1200x630/fb01e1f723ad400ae0d784804a8c8ad6/2016-03-01t013432z121081022gf10000328729rtrmadp3usa-election-sanders.jpg
31,http://i2.cdn.turner.com/cnnnext/dam/assets/160227151208-bernie-sanders-columbia-south-carolina-feb-26-large-tease.jpg
31,http://img.huffingtonpost.com/asset/2000_1000/56d4c8ea1e0000220070f096.jpeg?cache=ppvzzag5et
31,http://a57.foxnews.com/media2.foxnews.com/BrightCove/694940094001/2016/02/29/0/0/694940094001_4779529159001_d6673cdc-518f-4a33-a84b-304b6de14b90.jpg?ve=1
31,http://www.msnbc.com/sites/msnbc/files/styles/ratio--1_91-1--1200x630/public/rts8uwg.jpg?itok=lcClOnuX
31,http://static.politico.com/ac/58/53d733614639a7c4c5622f8463d9/160224-bernie-sanders-ap-1160.jpg
31,https://si.wsj.net/public/resources/images/BN-MW339_supert_G_20160301210249.jpg
31,http://media2.s-nbcnews.com/j/newscms/2016_08/1436931/hillary-clinton002_08b885657cbd64ba5f4c9d2e707fda6f.nbcnews-fp-1200-800.jpg
31,http://i.huffpost.com/gen/4063368/images/o-BERNIE-SANDERS-facebook.jpg
31,http://m.wsj.net/video/20160302/030215sandtrap3/030215sandtrap3_1280x720.jpg
31,http://media1.s-nbcnews.com/j/newscms/2016_09/1441736/160301-hillary-clinton-mn-1012_35e369187b6b99479380d0d5237a9342.nbcnews-fp-1200-800.jpg
31,http://media4.s-nbcnews.com/j/newscms/2016_04/1396226/bernie-sanders-mug_5fea106e0eb494469a75e60d8f2b18ea.nbcnews-fp-320-320.jpeg
31,http://cbsnews2.cbsistatic.com/hub/i/r/2016/03/03/a42b8a83-a235-4ef9-8ab8-3940e167c584/thumbnail/1200x630g8/3748c473ecfc69fd0ab15caeba14935e/2016-03-03t015258z1974149856gf10000331388rtrmadp3usa-election-sanders.jpg
31,http://static.politico.com/d7/08/eb69559e49d5b3f8e49898cbc82e/160221-sanders-ap-1160.jpg
31,https://si.wsj.net/public/resources/images/BN-MX173_SANDER_G_20160303140611.jpg
31,http://a57.foxnews.com/video.foxnews.com/thumbnails/042412/640/360/0/0/042412_fox411_sarandon_640.jpg?ve=1
31,http://i.huffpost.com/gen/4074162/images/o-SANDERS-facebook.jpg
31,http://static.politico.com/3d/37/246a64e5425e86af64ab28e5e3e3/20160304-bernie-sanders-1-gty-1160.jpg
31,https://si.wsj.net/public/resources/images/BN-MX653_0304SA_G_20160304115327.jpg
31,http://static.politico.com/8b/03/2966c13d4dd6a6d0756b780ea47a/160305-bernie-sanders-7-ap-1160.jpg
31,https://static01.nyt.com/images/2016/03/04/us/04fd-berniead/04fd-berniead-thumbLarge.jpg
32,http://www.msnbc.com/sites/msnbc/files/styles/ratio--1_91-1--1200x630/public/rts9ky6.jpg?itok=zSnwIL2i
32,http://media2.s-nbcnews.com/j/newscms/2016_08/1436566/160227-bernie-sanders-south-carolina-144p_c46351b9a8d1e5dca4b465e437f7e49d.nbcnews-fp-1200-800.jpg
32,http://i2.cdn.turner.com/cnnnext/dam/assets/160305200713-sanders-addresses-supporters-and-hillary-clinton-00004226-large-tease.jpg
32,https://static01.nyt.com/images/2016/03/07/us/07TRANSCRIPTweb/07TRANSCRIPTweb-facebookJumbo.jpg
32,https://images.washingtonpost.com/?url=http://img.washingtonpost.com/blogs/the-fix/files/2016/03/2016-03-07T013938Z_01_FLT535_RTRIDSP_3_USA-ELECTION.jpg&w=1484&op=resize&opt=1&filter=antialias
32,http://static.politico.com/c7/e5/a2cdb8734d26840f8d857cf4484a/160302-bernie-sanders-ap-1160.jpg
32,http://static.politico.com/5d/cf/eb589aaf473fb2b9aabb67c77569/160305-sanders-ledeworthy-ap-2-1160.jpg
32,http://v.politico.com/images/1155968404/201603/3634/1155968404_4789256729001_4789147733001-vs.jpg?pubId=1155968404
32,http://cbsnews1.cbsistatic.com/hub/i/r/2016/03/08/ea6d529c-7dac-4dba-8cc4-ded52634c042/thumbnail/1200x630/1cd925f6e3d1034925708e243f89ca60/2016-03-07t231952z2055370109gf10000337291rtrmadp3usa-election.jpg
32,https://img.washingtonpost.com/rf/image_1484w/2010-2019/WashingtonPost/2016/03/07/National-Politics/Images/05198821.jpg
32,https://images.washingtonpost.com/?url=http://img.washingtonpost.com/blogs/the-fix/files/2016/03/Sanders2.jpg&w=1484&op=resize&opt=1&filter=antialias
32,http://static.politico.com/b0/9d/8e0e6199401388e7dd2e7a97de12/160307-ted-cruz-ap-1160.jpg
32,http://www.msnbc.com/sites/msnbc/files/styles/ratio--1_91-1--1200x630/public/gettyimages-513403016.jpg?itok=qOsUktqU
32,http://img.huffingtonpost.com/asset/2000_1000/56dcf1e91e0000c60070f5b5.jpeg
32,http://i2.cdn.turner.com/cnnnext/dam/assets/160307081118-bernie-sanders-march-6-2016-large-tease.jpg
32,http://media2.s-nbcnews.com/j/newscms/2016_10/1448281/tenemosfamilias_754c2add013a6bf9bef2e267c9ce3d86.nbcnews-fp-1200-800.jpg
32,https://images.washingtonpost.com/?url=http://img.washingtonpost.com/blogs/post-partisan/files/2016/03/ClintonSanders.jpg&w=1484&op=resize&opt=1&filter=antialias
32,http://img.huffingtonpost.com/asset/2000_1000/56dce78c1e0000950070f5ac.jpeg?cache=izfbtvrr4u
32,http://cbsnews1.cbsistatic.com/hub/i/r/2016/03/08/aec34baa-663d-40b1-8085-fc4864fe8904/thumbnail/1200x630/aedf6637e2eefe07fa7350c762289d57/2016-03-07t200638z1752210497gf10000337127rtrmadp3usa-election-sanders.jpg
32,http://cdn.static-economist.com/sites/default/files/images/2016/03/blogs/democracy-america/20160312_blp905.jpg
32,http://img.huffingtonpost.com/asset/2000_1000/56dceaab1e0000c60070f5af.jpeg?cache=zkd8bgpuvs
32,http://static.politico.com/3b/bc/9a683ce14388bde83094d471c877/tad-devine-ap.jpg
32,https://img.washingtonpost.com/rf/image_1484w/2010-2019/Wires/Images/2016-03-07/AP/DEM_2016_Debate-073a5.jpg
32,http://a57.foxnews.com/media2.foxnews.com/BrightCove/694940094001/2016/03/07/0/0/694940094001_4790710163001_fc0f2722-2182-4c22-ba64-4da3c140fdaf.jpg?ve=1
32,http://img.huffingtonpost.com/asset/2000_1000/56ddf0881e0000c60070f6b4.jpeg
33,http://img.huffingtonpost.com/asset/2000_1000/56e5729d1e0000b300703f1f.png?cache=kdnfjyvplr
33,http://img.huffingtonpost.com/asset/2000_1000/56e5a6111e0000b300703f25.jpeg
33,https://images.washingtonpost.com/?url=http://img.washingtonpost.com/blogs/the-fix/files/2016/03/Capture7.jpg&w=1484&op=resize&opt=1&filter=antialias
33,http://i2.cdn.turner.com/cnnnext/dam/assets/160308171350-bernie-sanders-large-tease.jpg
33,https://img.washingtonpost.com/rf/image_1484w/2010-2019/WashingtonPost/2016/03/13/Others/Images/2016-03-13/11hrc1457894650.jpg
33,https://static01.nyt.com/images/2016/03/15/us/15cong-web/15cong-web-master768.jpg
33,http://static.politico.com/9b/37/825cd3ca481ca2101c152620af94/160203-bernie-sanders-ap-1160.jpg
33,http://img.huffingtonpost.com/asset/2000_1000/56c615641e0000220070e548.jpeg?cache=eaj7rockga
33,http://www.msnbc.com/sites/msnbc/files/styles/ratio--1_91-1--1200x630/public/rtsaehw.jpg?itok=lX10kUUW
33,http://i2.cdn.turner.com/cnnnext/dam/assets/160313204019-06-sanders-town-hall-0313-large-tease.jpg
33,http://assets.bwbx.io/images/users/iqjWHBFdfxIU/iKPQ.G08kUuo/v5/-1x-1.jpg
33,http://m.wsj.net/video/20160315/031516berniespeech/031516berniespeech_1280x720.jpg
33,http://a57.foxnews.com/images.foxnews.com/content/fox-news/politics/2016/03/15/bill-clinton-on-trail-for-hillary-rips-bernie-sanders-as-blame-candidate/_jcr_content/par/featured-media/media-0.img.jpg/0/0/1458074580491.jpg?ve=1
33,http://cbsnews3.cbsistatic.com/hub/i/r/2016/03/15/729d9bf3-30f5-4fd2-9896-334743219ae9/thumbnail/1200x630/868a4b53df6771abbc56d8a90c77477a/hillary-clinton-cordes-interview-031516.jpg
33,http://a57.foxnews.com/media2.foxnews.com/BrightCove/694940094001/2016/01/07/0/0/694940094001_4690346168001_fc27ab05-0d43-414f-be3b-66245e2a7528.jpg?ve=1
33,http://cbsnews2.cbsistatic.com/hub/i/r/2016/03/15/c323a469-b3c0-4919-958b-6b44f7a627f3/thumbnail/1200x630/4fd17cbf3b418976f457b94a000dbe74/cbsn0315anothersandersupset499189640x360.jpg
33,http://cbsnews2.cbsistatic.com/hub/i/r/2016/03/12/0c4ee5c8-90f3-461c-98ce-0726b0fcea5a/thumbnail/1200x630/456f5bcf34bbddf8bd3b884d9477f2a5/gettyimages-515093012.jpg
33,http://media4.s-nbcnews.com/j/newscms/2016_11/1461381/12034408_10153677656747912_6052715705697573422_o_c1341e7a837a9d4af5970f3cd219a2c7.nbcnews-fp-1200-800.jpg
33,http://i2.cdn.turner.com/cnnnext/dam/assets/160315202837-02-clinton-speech-0315-large-tease.jpg
33,http://img.huffingtonpost.com/asset/2000_1000/56e8cf2c1e00009500710496.jpeg?cache=zqnxolhzkr
34,http://i2.cdn.turner.com/cnnnext/dam/assets/160320142603-bernie-sanders-mar-15-large-tease.jpg
34,http://cbsnews3.cbsistatic.com/hub/i/r/2016/03/20/43bd7237-4401-4364-8712-2d674b3c2cb6/thumbnail/1200x630/4ebb8e3d35425d27d4bba00d3c6ce1e0/ftnsandersfull0320500453640x360.jpg
34,http://cbsnews2.cbsistatic.com/hub/i/r/2016/03/20/d1a910e3-d486-4ad6-85a5-be184ab293f9/thumbnail/1200x630/433041abd046c1c09c229a9e0815a098/ftnsanders20320500495640x360.jpg
34,http://media4.s-nbcnews.com/j/newscms/2016_11/1465501/aptopix_dem_2016_sanders-jpeg-0a16f_42324e76289c0cab0d285f5db0724782.nbcnews-fp-1200-800.jpg
34,http://cbsnews2.cbsistatic.com/hub/i/r/2016/03/20/1f802cc4-464d-4d7c-9ee6-3d1d86ae0a42/thumbnail/1200x630/fa7b1009a3bf2212d4635fdec9128045/ftnsandersextended0320500543640x360.jpg
34,http://i2.cdn.turner.com/cnnnext/dam/assets/160313205843-07-sanders-town-hall-0313-large-tease.jpg
34,http://media1.s-nbcnews.com/j/MSNBC/Components/Video/__NEW/2016-03-22T00-12-20-0Z--1280x720.video_1067x600.jpg
34,https://img.washingtonpost.com/rf/image_1484w/2010-2019/Wires/Images/2016-03-20/AP/DEM_2016_Sanders-05499.jpg
34,http://media1.s-nbcnews.com/j/MSNBC/Components/Video/__NEW/2016-03-22T00-39-58-866Z--1280x720.video_1067x600.jpg
34,http://img.huffingtonpost.com/asset/2000_1000/56f073261e00009500710df5.jpeg?cache=makahnn2ui
34,http://i2.cdn.turner.com/cnnnext/dam/assets/160310003701-bernie-sanders-hillary-clinton-march-9-debate-large-tease.jpg
34,http://cbsnews3.cbsistatic.com/hub/i/r/2016/03/20/7b948f85-67e8-4dbe-8447-7ae23573a352/thumbnail/1200x630/a440105ab3637b4a4bf8038fd42f037b/ftnsandersfull0320.jpg
34,https://static01.nyt.com/images/2016/03/22/us/22firstdraft-Bernie/22firstdraft-Bernie-thumbLarge.jpg
34,http://static.politico.com/7e/5e/84838108463285556fbfa4fed205/ap-519133694993.jpg
34,http://media1.s-nbcnews.com/j/newscms/2016_12/1469661/160323-sanders_-0655_6e8d5e246bc75e4478094a2038df92e4.nbcnews-fp-1200-800.jpg
34,http://img.huffingtonpost.com/asset/2000_1000/56f1907f150000ad000b2de8.jpeg?cache=1jlqimisjs
34,http://i.huffpost.com/gen/4140708/images/o-BERNIE-SANDERS-facebook.jpg
34,http://media1.s-nbcnews.com/j/MSNBC/Components/Video/__NEW/n_qc_rosariodaw_160322.video_1067x600.jpg
34,https://si.wsj.net/public/resources/images/BN-NF454_CLINTO_G_20160323001622.jpg
34,https://img.washingtonpost.com/rf/image_1484w/2010-2019/WashingtonPost/2016/03/14/National-Politics/Images/DEM_2016_Sanders-0262b.jpg
34,http://cbsnews2.cbsistatic.com/hub/i/r/2016/02/19/bc23de32-6418-4f89-86a8-1792481ca150/thumbnail/1200x630/b09f8199c44adf78497e5f660e9be0fb/sanders-clinton-2.png
34,http://cbsnews3.cbsistatic.com/hub/i/r/2016/03/08/b2b1803b-971b-4053-b602-9c1430500bfe/thumbnail/1200x630/49a1c55fafc57de6a36c867861f56bef/2016-03-07t200638z1752210497gf10000337127rtrmadp3usa-election-sanders.jpg
34,http://img.huffingtonpost.com/asset/2000_1000/56f468f11e00008e017114d6.jpeg
34,https://assets.bwbx.io/images/users/iqjWHBFdfxIU/ivDLXio9deT4/v2/-1x-1.jpg
34,http://static.politico.com/4c/94/2d0b7b7042d7bf15f07837686b14/160324-bernie-sanders-ap-1160.jpg
34,http://media1.s-nbcnews.com/j/MSNBC/Components/Video/__NEW/n_qc_2_bernbird_160325.video_1067x600.jpg
35,http://img.huffingtonpost.com/asset/2000_1000/56f6f0811e00008e0171169d.jpeg
35,http://images.huffingtonpost.com/2016-03-26-1459027082-5783118-berniesanderswins2-thumb.jpg
35,http://i2.cdn.turner.com/cnnnext/dam/assets/160327104407-sanders-iso-large-tease.jpg
35,http://static.politico.com/1a/ea/448a309c4d32b5bed857984feef6/160326-bernie-gty-5-1160.jpg
35,http://img.huffingtonpost.com/asset/2000_1000/56f7e65c1e0000b30070569c.jpeg?cache=v0dfazkjuj
35,http://i2.cdn.turner.com/cnnnext/dam/assets/160327092410-bernie-sanders-isis-fight-brussels-sotu-00000000-large-tease.jpg
35,http://i2.cdn.turner.com/cnnnext/dam/assets/160326183551-01-sanders-wisconsin-0326-large-tease.jpg
35,http://i.huffpost.com/gen/4153100/images/o-BERNIE-SANDERS-facebook.jpg
35,http://img.huffingtonpost.com/asset/2000_1000/56f98fa01e000095007117ce.jpeg
35,https://static01.nyt.com/images/2016/03/28/us/29coveringbernie-span/29coveringbernie-span-master768.jpg
35,http://img.huffingtonpost.com/asset/2000_1000/56f95d561e0000870070576a.jpeg?cache=mzidguyynf
35,http://www.msnbc.com/sites/msnbc/files/styles/ratio--1_91-1--1200x630/public/ap_605398327844.jpg?itok=Py5qpbmV
35,http://assets.bwbx.io/images/users/iqjWHBFdfxIU/i.TcQ4c3eGDk/v5/-1x-1.jpg
35,http://static.politico.com/b6/c6/be6307fa40a1a1a911d5ef45c244/160328-hillary-bernie-ap-1160.jpg
35,http://i.huffpost.com/gen/4154750/images/o-HILLARY-CLINTON-facebook.jpg
35,http://c0.nrostatic.com/sites/default/files/page_2014_200_derugy_square_1.jpg
35,http://i.huffpost.com/gen/4159918/images/o-BERNIE-SANDERS-facebook.jpg
35,https://images.washingtonpost.com/?url=http://img.washingtonpost.com/blogs/post-partisan/files/2016/03/SandersWI.jpg&w=1484&op=resize&opt=1&filter=antialias
35,http://cbsnews3.cbsistatic.com/hub/i/r/2016/03/05/bce995df-cf26-49ae-b5a7-c6c3de1af3e9/thumbnail/1200x630/6e7142cd6ff47249e797137f60916cb7/2016-03-04t033616z1399323268gf10000332720rtrmadp3usa-election-sanders.jpg
35,http://assets.bwbx.io/images/users/iqjWHBFdfxIU/i9rtKQuvacI0/v5/-1x-1.jpg
35,http://cbsnews3.cbsistatic.com/hub/i/r/2016/03/29/944ccc4a-456c-4f78-bb07-beb6336dd247/thumbnail/1200x630/833c5571b984c193c4d5012cdc129486/2016-03-26t045107z693874667gf10000361202rtrmadp3usa-election-sanders.jpg
35,http://i2.cdn.turner.com/cnnnext/dam/assets/160327094945-bernie-sanders-bird-large-tease.jpg
35,http://i.huffpost.com/gen/4160932/images/o-BERNIE-SANDERS-facebook.jpg
35,http://media1.s-nbcnews.com/j/MSNBC/Components/Video/__NEW/2016-03-31T02-08-47-866Z--1280x720.video_1067x600.jpg
36,https://si.wsj.net/public/resources/images/BN-ML307_0204DE_G_20160204102752.jpg
36,http://media4.s-nbcnews.com/j/newscms/2016_13/1481891/160402-hillary-clinton-apollo-theater-yh-0204p_0990d4076609c77c88ae42ac929693cc.nbcnews-fp-1200-800.jpg
36,https://static01.nyt.com/images/2016/04/04/us/04firstdraft-sanders1/04firstdraft-sanders1-facebookJumbo.jpg
36,http://i2.cdn.turner.com/cnnnext/dam/assets/160403092102-bernie-sanders-hillary-clinton-fossil-fuel-donations-sotu-00000000-large-tease.jpg
36,http://media1.s-nbcnews.com/j/MSNBC/Components/Video/__NEW/2016-04-04T20-09-53-633Z--1280x720.video_1067x600.jpg
36,http://cbsnews3.cbsistatic.com/hub/i/r/2016/03/07/0fa3a289-5879-4b02-aa1a-97fd8ba723b4/thumbnail/1200x630/2f27d3a87f660b53337cdb0a353575f9/2016-03-07t022103z667861420tb3ec3706isckrtrmadp3usa-election.jpg
36,https://img.washingtonpost.com/rf/image_1484w/2010-2019/WashingtonPost/2016/04/04/Others/Images/2016-04-04/2S3B09811459794185.jpg
36,http://static.politico.com/ca/96/516ce043406c8a3878ca4242b4d8/160401-bernie-sanders-wis-1-ap-1160.jpg
36,https://si.wsj.net/public/resources/images/BN-NJ607_BERNIE_G_20160404090531.jpg
36,http://assets.bwbx.io/images/users/iqjWHBFdfxIU/iaHO3kzbxGDM/v5/-1x-1.jpg
36,http://cbsnews1.cbsistatic.com/hub/i/r/2016/04/04/de659b3d-b152-41de-a253-3e124f8dc4ab/thumbnail/1200x630/cc1bf8f891d76d66b58a0597c1048617/cbsnclintonbern0404504325640x360.jpg
36,http://media1.s-nbcnews.com/j/newscms/2016_13/1480291/160401-bernie-sanders-rd-1215a_dbef7750048efc6dc570a539094c0804.nbcnews-fp-1200-800.jpg
36,http://assets.bwbx.io/images/users/iqjWHBFdfxIU/i_XZhdPEipgk/v5/-1x-1.jpg
36,http://media1.s-nbcnews.com/j/MSNBC/Components/Video/__NEW/2016-04-04T16-12-02-133Z--1280x720.video_1067x600.jpg
36,http://cbsnews3.cbsistatic.com/hub/i/r/2016/03/02/72d2f790-512f-4406-ae29-41cce7a1e739/thumbnail/1200x630/18445494d0f587e9dca3a9338b440900/2016-03-02t040323z359516216tm3ec311rx201rtrmadp3usa-election-clinton.jpg
36,http://media3.s-nbcnews.com/j/newscms/2016_14/1483976/160404-bernie_hillary-1812_cdefe948f865eb8c18f27824c190837b.nbcnews-fp-1200-800.jpg
36,http://www.msnbc.com/sites/msnbc/files/styles/ratio--1_91-1--1200x630/public/articles/gettyimages-508468834.jpg?itok=WLJRJ95u
36,http://i2.cdn.turner.com/cnnnext/dam/assets/160204101631-town-hall-0203-sanders-clinton-split-large-tease.jpg
36,https://img.washingtonpost.com/rf/image_1484w/2010-2019/WashingtonPost/2016/04/05/National-Politics/Images/2016-04-04T213520Z_01__MJK020_RTRIDSP_3_USA-ELECTION-SANDERS.jpg
36,http://assets.bwbx.io/images/users/iqjWHBFdfxIU/iaYsKVqXsZx8/v5/-1x-1.jpg
36,https://images.washingtonpost.com/?url=http://img.washingtonpost.com/blogs/post-partisan/files/2016/04/BernieBronx.jpg&w=1484&op=resize&opt=1&filter=antialias
36,http://img.huffingtonpost.com/asset/2000_1000/5703c3d11500002a000b40e8.jpeg
36,http://media1.s-nbcnews.com/j/MSNBC/Components/Video/__NEW/n_qc_sanderspeech_160405.video_1067x600.jpg
36,http://cbsnews2.cbsistatic.com/hub/i/r/2016/04/05/e21609e5-2ce6-4601-98f4-7c870153d684/thumbnail/1200x630/df1ef8a4ba1ccc344d2902080af7863b/rtsdl6k.jpg
36,http://media1.s-nbcnews.com/i/MSNBC/Components/Video/__NEW/f_sanders_win_160405.jpg
37,http://cbsnews3.cbsistatic.com/hub/i/r/2016/04/10/8dd7f5ae-fca5-4a77-905d-5da13fbb80a9/thumbnail/1200x630/0ada6d90c810e52b5507921dc5d01765/ftnsanders20410506267640x360.jpg
37,http://img.huffingtonpost.com/asset/2000_1000/570a68ce150000ad000b4717.jpeg
37,http://i.huffpost.com/gen/4200694/images/o-BERNIE-SANDERS-BALTIMORE-facebook.jpg
37,http://i2.cdn.turner.com/cnnnext/dam/assets/160408210711-bernie-sanders-bill-clinton-accusation-of-sexism-hillary-clinton-sot-00012016-large-tease.jpg
37,http://media2.s-nbcnews.com/j/newscms/2016_14/1490736/sanders_on_mtp_041016_2272aec063fcc3f22b805a5ad7c657ac.nbcnews-fp-1200-800.jpg
37,http://img.huffingtonpost.com/asset/2000_1000/570aa9382e00006400950dbc.jpeg?cache=5onazosxsp
37,http://cbsnews2.cbsistatic.com/hub/i/r/2016/04/10/9606d34c-0fd3-4aa4-8419-00278377787e/thumbnail/1200x630/30d3b82d08a8cb6def70a7aa0383bc36/ftnsandersfull0410506248640x360.jpg
37,http://static.politico.com/c3/09/ce960db343ff9cabb7cd6356b7e3/bernie-sanders-3-ap.jpg
37,http://cbsnews1.cbsistatic.com/hub/i/r/2016/04/10/2732affd-15d0-4486-9a18-d535fa511650/thumbnail/1200x630/87fe3c47800213374426da49fd7add57/ftnsanders10410.jpg
37,https://si.wsj.net/public/resources/images/BN-NM002_0409sa_G_20160409162901.jpg
37,http://img.huffingtonpost.com/asset/2000_1000/570c12382e00002d00950fd0.jpeg
37,http://i2.cdn.turner.com/cnnnext/dam/assets/160411090005-reagan-and-ford-1976-convention-large-tease.jpg
37,https://static01.nyt.com/images/2016/04/12/us/12letter_web1/12letter_web1-master768.jpg
37,http://img.huffingtonpost.com/asset/2000_1000/570b93d31e0000b300706aa8.jpeg?cache=sysyx4gq0r
37,https://assets.bwbx.io/images/users/iqjWHBFdfxIU/ihlEW4YUEOf0/v1/1200x-1.jpg
37,https://si.wsj.net/public/resources/images/BN-NM518_DEMRAC_G_20160411145801.jpg
37,http://www.msnbc.com/sites/msnbc/files/styles/ratio--1_91-1--1200x630/public/mp-sanders0902__1455069596.jpg?itok=NevtzhVa
37,http://cbsnews1.cbsistatic.com/hub/i/r/2016/04/11/ccfcf146-2e55-4ea1-9239-0bd478e1e6d3/thumbnail/1200x630/e02b8055315141f4ebb9e9562bf7a7aa/cbsnsanderschance0411506512640x360.jpg
37,http://media3.s-nbcnews.com/j/newscms/2016_15/1492826/160412-hillary-clinton-mn-1030_5f7fd607beec50570bef9ca0b6ab9db1.nbcnews-fp-1200-800.jpg
37,http://cbsnews3.cbsistatic.com/hub/i/r/2016/04/12/8e0f5f4b-9729-44e0-8316-54b92a58133b/thumbnail/1200x630/3ada301f4f4a33e2cbe2d74fad455357/cbsnupset0412506808640x360.jpg
37,http://static.politico.com/99/74/d126c183481686e28c657e8ff468/bernie-sanders-pope-1160-getty.jpg
37,http://static.politico.com/bb/93/f16685214281ad0bf730be84cad5/160412-bernie-sanders-ap-1160.jpg
38,http://cbsnews3.cbsistatic.com/hub/i/r/2016/03/01/5b7cf696-455e-4ccc-bea3-cd0d85a24549/thumbnail/1200x630g2/5686091626c6b77240f7dc2aff8cb6e6/clinton-sanders.jpg
38,http://img.huffingtonpost.com/asset/2000_1000/5712f2721600002a0031bdfb.jpeg
38,http://media2.s-nbcnews.com/j/newscms/2016_15/1500571/160417-bernie-sanders-nyc-rally_605a0e2e3af4862db276f557f7601e79.nbcnews-fp-1200-800.jpg
38,http://cbsnews1.cbsistatic.com/hub/i/r/2016/04/17/745c9479-e7d5-45c8-9e8d-8b417ab1bf23/thumbnail/1200x630/a53e4d47e0b86690387ff3831c7e0575/ftnsanders20417508082640x360.jpg
38,http://i2.cdn.turner.com/cnnnext/dam/assets/160118091603-killer-mike-bernie-sanders-dec-23-2015-large-tease.jpg
38,http://cbsnews1.cbsistatic.com/hub/i/r/2016/04/17/c34dbb7e-6996-4974-8ad5-4758adf65915/thumbnail/1200x630/f9ec192fc280bb09fd796e98495626d9/041716sanderspope508145640x360.jpg
38,http://cbsnews2.cbsistatic.com/hub/i/r/2016/04/16/54bbede8-1c3b-4d9f-9dd4-1dfd08ecb44d/thumbnail/1200x630/fa31c5890e35de2d12fd75aa04340111/satmo0416berniesandersvatican.jpg
38,http://media1.s-nbcnews.com/j/MSNBC/Components/Video/201604/2016-04-17T12-20-39-8Z--1280x720.video_1067x600.jpg
38,https://static01.nyt.com/images/2016/04/17/us/bernie-firstdraft/bernie-firstdraft-thumbLarge.jpg
38,http://cbsnews2.cbsistatic.com/hub/i/r/2016/04/17/45283e75-e7fd-4731-b9fd-12ed3eecb093/thumbnail/1200x630/6fb2309485c9ed13ff9cbe5d2f3331b6/ftnsandersfull0417508070640x360.jpg
38,http://i2.cdn.turner.com/cnnnext/dam/assets/160417035435-snl-democratic-debate-seinfeld-seg-00003022-large-tease.jpg
38,http://img.huffingtonpost.com/asset/2000_1000/5713ad061900002e0056b66b.jpeg
38,http://img.huffingtonpost.com/asset/2000_1000/57141b181900002e0056b67f.jpeg
38,http://cbsnews3.cbsistatic.com/hub/i/r/2016/04/17/c2144094-eb22-4b1b-a473-43e4306d7a0e/thumbnail/1200x630/8abc895bf128c3abaeb776b85f66e5f5/ftnsanders10417508079640x360.jpg
38,http://i2.cdn.turner.com/cnnnext/dam/assets/160417102944-sotu-sanders-large-tease.jpg
38,http://www.msnbc.com/sites/msnbc/files/styles/ratio--1_91-1--1200x630/public/articles/ap296404466818.jpg?itok=zKcFZLA-
38,http://c9.nrostatic.com/sites/default/files/page_2014_200_spiliakos.jpg
38,http://static.politico.com/96/c1/5f8ca5d240ee9ccf094f8b6b8e04/160418-russ-feingold-ap-1160.jpg
38,http://media1.s-nbcnews.com/i/MSNBC/Components/Video/201604/tdy_lauer_sanders_160418__802315.jpg
38,http://static.politico.com/89/c8/e12fe7654fdb8455880e9fee3ba6/sanders-file-2-gty-1160.jpg
38,https://images.washingtonpost.com/?url=http://img.washingtonpost.com/blogs/post-partisan/files/2016/04/SandersBrooklynDebate.jpg&w=1484&op=resize&opt=1&filter=antialias
38,http://img.huffingtonpost.com/asset/2000_1000/5714fc5e1600002a0031bf1e.jpeg
38,http://c9.nrostatic.com/sites/default/files/uploaded/bernie-sanders-tax-returns-hypocrisy-r.jpg
38,https://si.wsj.net/public/resources/images/BN-NP571_DEMRAC_G_20160418160821.jpg
38,http://media4.s-nbcnews.com/j/newscms/2016_16/1501746/160418-verizon-strike-mn-1450_1a0183f91f00dc4f3b40dce9f3734670.nbcnews-fp-1200-800.jpg
38,http://cbsnews2.cbsistatic.com/hub/i/r/2016/04/18/9660e0fc-61d3-4c63-8216-2a790147f825/thumbnail/1200x630/bc85d7b5b3edae2baaa2ed17a1086c13/ctmsanders0418508321640x360.jpg
38,https://images.washingtonpost.com/?url=http://img.washingtonpost.com/blogs/the-fix/files/2016/03/514543554.jpg&w=1484&op=resize&opt=1&filter=antialias
39,http://img.huffingtonpost.com/asset/2000_1000/571ccf451900002e0056c0ee.jpeg
39,http://i2.cdn.turner.com/cnnnext/dam/assets/160423192709-lewinsky-dawson-clinton-compy-large-tease.jpg
39,https://static01.nyt.com/images/2016/04/25/us/25sanders-web01/25sanders-web01-master768.jpg
39,http://static.politico.com/57/7d/81e64d3c4258b43c7cd35608614f/sanders-gty-1160.jpg
39,http://media1.s-nbcnews.com/j/MSNBC/Components/Video/201604/2016-04-24T13-09-55-633Z--1280x720.video_1067x600.jpg
39,http://a57.foxnews.com/media2.foxnews.com/BrightCove/694940094001/2016/04/25/0/0/694940094001_4862017849001_fe16d435-0ffd-4d05-9a2a-0ed332750008.jpg?ve=1
39,https://static01.nyt.com/images/2016/04/24/nyregion/24BIGCITY2/24BIGCITY2-master768.jpg
39,http://media3.s-nbcnews.com/j/newscms/2016_15/1495941/160414-bernie-sanders-nyc-13_cbdf4c0683806f75b3d594ea286f4665.nbcnews-fp-1200-800.jpg
39,http://media2.s-nbcnews.com/j/newscms/2016_12/1469661/160323-sanders_-0655_108335ef88c4a6e440a90b3e2c391695.nbcnews-fp-1200-800.jpg
39,http://img.huffingtonpost.com/asset/2000_1000/571ce053160000e40031c878.jpeg?cache=jppbulhj7z
39,http://i2.cdn.turner.com/cnnnext/dam/assets/160424103429-sotu-sanders-large-tease.jpg
39,http://cbsnews2.cbsistatic.com/hub/i/r/2016/04/24/46b3c7ee-3826-44ad-adac-385ab21ddc26/thumbnail/1200x630/3f898eae91e601eb9a5126e690ada74b/ftnsanders0424.jpg
39,http://cbsnews1.cbsistatic.com/hub/i/r/2016/04/25/9f1187ca-a0bd-4ae6-ac73-786ef7127dde/thumbnail/1200x630/54cb1b629c54c09a6567197f5dfdf55a/2016-04-17t013039z593362517gf10000384968rtrmadp3usa-election-sanders.jpg
39,https://images.washingtonpost.com/?url=http://img.washingtonpost.com/blogs/wonkblog/files/2015/09/DEM_2016_Sanders-0d418.jpg&w=1484&op=resize&opt=1&filter=antialias
39,http://i.huffpost.com/gen/4253798/images/o-BERNIE-SANDERS-facebook.jpg
39,http://www.msnbc.com/sites/msnbc/files/styles/ratio--1_91-1--1200x630/public/fullsizerender44.jpg?itok=AvOBqq_F
39,https://img.washingtonpost.com/rf/image_1484w/2010-2019/WashingtonPost/2016/04/23/Local/Images/SandersBaltimore071461435311.jpg
39,http://www.msnbc.com/sites/msnbc/files/styles/ratio--1_91-1--1200x630/public/nrc_3398.jpg?itok=enBP1riB
39,http://img.huffingtonpost.com/asset/2000_1000/571ff4051900002e0056c4c7.jpeg?cache=4qn5uulwrh
39,https://static01.nyt.com/images/2016/04/27/us/27DEMS2/27DEMS2-master675.jpg
39,http://i2.cdn.turner.com/cnnnext/dam/assets/160426075842-bernie-sanders-super-tuesday-sot-cuomo-newday-00000505-large-tease.jpg
39,http://img.huffingtonpost.com/asset/2000_1000/571e8352220000360025475c.jpeg?cache=8kec3vqzy6
39,http://c4.nrostatic.com/sites/default/files/uploaded/related_bernie-sanders_gd_151013_0.jpg
39,http://media1.s-nbcnews.com/j/newscms/2016_16/1504336/160419-bernie-sanders-rd-1155p_5da44faa89f63e40a5550818992fdf91.nbcnews-fp-1200-800.jpg
39,http://m.wsj.net/video/20160426/042616berniemillennials/042616berniemillennials_1280x720.jpg
39,https://static01.nyt.com/images/2016/04/26/us/26firstdraft-sanders1/26firstdraft-sanders1-thumbLarge-v6.jpg
40,http://cbsnews1.cbsistatic.com/hub/i/r/2016/05/01/ed5495b9-36a8-4a5e-b7ba-e7cc0a57b956/thumbnail/1200x630/70849ea017a6299f44bee4e866499963/ftnsandersfull0501.jpg
40,http://media1.s-nbcnews.com/i/MSNBC/Components/Video/201605/2016-05-01T22-34-01-333Z--1280x720.jpg
40,https://static01.nyt.com/images/2016/05/01/us/sanders-firstdraft/sanders-firstdraft-thumbLarge.jpg
40,http://assets.bwbx.io/images/i_nOddMRQ_Js/v1/-1x-1.jpg
40,http://cbsnews3.cbsistatic.com/hub/i/r/2016/05/01/03db4d29-069b-42c1-b3cf-881cab460158/thumbnail/1200x630/0f2dccabef3dca8ea345d6599d9f853c/ftnsandersfull05011057182640x360.jpg
40,http://img.huffingtonpost.com/asset/2000_1000/5726954a1300002900380250.jpeg
40,http://cbsnews3.cbsistatic.com/hub/i/r/2016/05/01/2c13f845-a637-44e8-b610-9526dc1e31b3/thumbnail/1200x630/0ceb974291173811bb615a7678bb7fe5/ftnsanders205011057221640x360.jpg
40,http://cbsnews1.cbsistatic.com/hub/i/r/2016/05/01/145563cd-9188-4401-b986-fe03ce1b2090/thumbnail/1200x630/12d5a3b52f127dbf5a04232d51f31d58/cbsnsanderslosing05011057259640x360.jpg
40,http://media1.s-nbcnews.com/j/newscms/2016_17/1519391/160501-bernie-sanders-npc_17d2eaaeeb5631308214b70d4056c8c2.nbcnews-fp-1200-800.jpg
40,https://static01.nyt.com/images/2016/05/01/multimedia/bernie-presser/bernie-presser-thumbLarge-v2.jpg
40,https://si.wsj.net/public/resources/images/BN-NU560_0501sa_G_20160501113323.jpg
40,http://static.politico.com/fc/76/fb5a2a614764a759f23468704dd2/160501-sanders-ap-1160.jpg
40,https://assets.bwbx.io/images/users/iqjWHBFdfxIU/i4RG_R7jbmk8/v2/-1x-1.jpg
40,https://si.wsj.net/public/resources/images/BN-NU670_SANDER_G_20160501193528.jpg
40,http://www.investors.com/wp-content/uploads/2016/05/CAPHILL2-jones-050216-AP.jpg
40,http://v.politico.com/images/1155968404/201605/2810/1155968404_4874818873001_160502-sanders-eff-00-00-47-17-Still001.jpg?pubId=1155968404
40,https://img.washingtonpost.com/rf/image_1484w/2010-2019/WashingtonPost/2016/04/27/Editorial-Opinion/Advance/Images/2016-04-15T013152Z_01_HRB517_RTRIDSP_3_USA-ELECTION-PLOV-1114.jpg
40,http://img.huffingtonpost.com/asset/2000_1000/5727b99522000036002552f3.jpeg?cache=ccuyt4pk5f
40,http://www.msnbc.com/sites/msnbc/files/styles/ratio--1_91-1--1200x630/public/20160425_zap_s125_077.jpg?itok=SxDR5OEo
40,http://media1.s-nbcnews.com/i/MSNBC/Components/Video/201605/tdy_pop_obama_160502.jpg
40,http://media1.s-nbcnews.com/j/MSNBC/Components/Video/201605/2016-05-02T19-38-53-433Z--1280x720.video_1067x600.jpg
40,http://i.huffpost.com/gen/4277530/images/o-BERNIE-SANDERS-facebook.jpg
40,http://assets.bwbx.io/images/users/iqjWHBFdfxIU/iwCCCj.Yzh7g/v5/-999x-999.jpg
40,http://assets.bwbx.io/images/ijkTPBs_.xyY/v4/220x220.png
40,https://static01.nyt.com/images/2016/05/01/us/01firstdraft-sanders3/01firstdraft-sanders3-facebookJumbo.jpg
40,http://cbsnews1.cbsistatic.com/hub/i/r/2016/05/02/960d661a-8128-41e2-a4a5-49895c2abd28/thumbnail/1200x630/4f89771112a7a82cb18ff2d4ff889607/0502cbsnjjssandersindiana1057494640x360.jpg
40,http://assets.bwbx.io/images/users/iqjWHBFdfxIU/i0uV_ZVOcDHM/v5/-1x-1.jpg
40,http://cbsnews1.cbsistatic.com/hub/i/r/2016/05/03/c49964de-35dc-4216-8c54-f759020b8427/thumbnail/1200x630/b6e11eca5ff9d11bfbc56b897d9f125c/cbsn0502sandersgiveupjwn1057894640x360.jpg
40,http://i2.cdn.turner.com/cnnnext/dam/assets/160502174809-james-madison-high-school-yearbook-large-tease.jpg
41,http://i.huffpost.com/gen/4300794/images/o-BERNIE-SANDERS-facebook.jpg
41,https://si.wsj.net/public/resources/images/BN-NY245_CLINTO_G_20160509152714.jpg
41,http://media1.s-nbcnews.com/i/MSNBC/Components/Video/201605/f_dc_sanders_primary_160509.jpg
41,http://cbsnews3.cbsistatic.com/hub/i/r/2016/05/10/ac3ad03e-e16f-4f6a-88cd-aef8f8102e35/thumbnail/1200x630/f7af5bd6257d93011fb82875c600d13f/2016-05-10t054958z70749205s1betdenfaabrtrmadp3usa-election-sanders.jpg
41,http://static.politico.com/ab/21/38ca2c5e4102a68cdc377f590d07/gettybernie.jpg
41,http://media1.s-nbcnews.com/j/MSNBC/Components/Video/201605/n_qc_sandersfull_160510.video_1067x600.jpg
41,http://www.investors.com/wp-content/uploads/2016/05/EDIT1-sanders-051016-AP.jpg
41,http://m.wsj.net/video/20160509/051016seib/051016seib_1280x720.jpg
41,http://cbsnews3.cbsistatic.com/hub/i/r/2016/05/10/3c7b83b9-8cae-47ea-aeee-3b7f2cd2690a/thumbnail/1200x630/ec8baf6018226415841e2bfc939034d2/ap38794825429.jpg
41,http://img.huffingtonpost.com/asset/2000_1000/573212c8220000360025627d.png?cache=fkslfmuuw4
41,https://si.wsj.net/public/resources/images/BN-NY779_ELECTI_G_20160510163755.jpg
41,http://img.huffingtonpost.com/asset/2000_1000/573256e91300002900381374.jpeg
41,http://media1.s-nbcnews.com/j/newscms/2016_18/1520596/160502-bernie-crowds-jsw-430p_badfc1518c2e4da2aecb2b1e5efb0cb4.nbcnews-fp-1200-800.jpg
41,http://media1.s-nbcnews.com/j/newscms/2016_15/1496281/160414-bernie-clinton-jsw-sqr-1155a_93fac1d26c6507eaa9abbd87a24e32da.nbcnews-fp-1200-800.jpg
41,http://cbsnews2.cbsistatic.com/hub/i/r/2016/05/11/9f06b9ff-38ca-4574-8155-661711712c0c/thumbnail/1200x630/8d1eabef40f01dad27108bc3488d54b0/cbsn0510democraticanalysisrmv1061523640x360.jpg
41,http://media2.s-nbcnews.com/j/newscms/2016_19/1532261/160510-bernie-sanders-stockton-yh-0807p_f8e4db0ba87fcfb3e0c75096af817ce3.nbcnews-fp-1200-800.jpg
41,https://img.washingtonpost.com/rf/image_1484w/2010-2019/Wires/Images/2016-04-26/Getty/524732138.jpg
41,http://media3.s-nbcnews.com/j/newscms/2016_19/1531151/160510-clinton-sanders-jpo-620a_4ef249554fa361d073d6057f8eec6ae4.nbcnews-fp-1200-800.jpg
41,http://img.huffingtonpost.com/asset/2000_1000/573233e922000036002562e6.jpeg?cache=b12baypz8q
42,http://a57.foxnews.com/media2.foxnews.com/BrightCove/694940094001/2016/05/16/0/0/694940094001_4895759606001_f91e8ec9-b078-45bb-929c-ce381bb9a30c.jpg?ve=1
42,http://img.huffingtonpost.com/asset/2000_1000/573979061300000105381a57.png?cache=ybgyuxtj0i
42,https://static01.nyt.com/images/2016/05/17/us/17NEVADAweb1/17NEVADAweb1-master768.jpg
42,http://m.wsj.net/video/20160513/051316seib/051316seib_1280x720.jpg
42,http://i.huffpost.com/gen/4275510/images/o-BERNIE-SANDERS-facebook.jpg
42,http://static.politico.com/6a/0e/79deac264438ace1c5372fa450c6/20160516-jane-sanders-getty.jpg
42,http://media1.s-nbcnews.com/j/MSNBC/Components/Video/201605/2016-05-16T23-20-53-166Z--1280x720.video_1067x600.jpg
42,https://img.washingtonpost.com/rf/image_1484w/2010-2019/WashingtonPost/2016/04/19/National-Politics/Images/sanders41461102791.jpg
42,http://media4.s-nbcnews.com/j/newscms/2016_18/1523101/dem_2016_sanders-jpeg-4b5af_5f8312ba6f194e37af5911c8c42f15a0.nbcnews-fp-1200-800.jpg
42,http://cbsnews2.cbsistatic.com/hub/i/r/2016/05/16/f8927c43-ec36-4666-8481-b1656a4805d3/thumbnail/1200x630/e4b35a341f36d38619b9b3dcd97e5921/cbsn0516sandersvsclintonvty1063867640x360.jpg
42,http://www.msnbc.com/sites/msnbc/files/styles/ratio--1_91-1--1200x630/public/2016-03-07t012645z_1113841589_gf10000336195_rtrmadp_3_usa-election.jpg?itok=4-byEKw4
42,http://media1.s-nbcnews.com/j/MSNBC/Components/Video/201605/2016-05-18T03-27-01-433Z--1280x720.video_1067x600.jpg
42,http://media1.s-nbcnews.com/i/MSNBC/Components/Video/201605/a_ov_action_160517__483786.jpg
42,http://cbsnews3.cbsistatic.com/hub/i/r/2016/05/17/3b097a72-51d8-421b-94d5-3176bb6619df/thumbnail/1200x630/c69f815f58ca1480ea69a269b73fbe84/en0517cordesdemprimary1064831640x360.jpg
42,http://static.politico.com/5e/84/48e6d21b4fdd96f29c102acd9e8c/05-bernie-sanders-20-ap-1160.jpg
42,http://static.politico.com/de/d1/a69f39aa410b8707d05bc0351478/160517-bernie-sanders-1160-ap.jpg
42,http://static.politico.com/5e/c5/e9efe2d3445bb55ecd0d7a553c79/160517-hillary-clinton-ledeworthy-ap-1160.jpg
42,http://static.politico.com/3e/90/5d629aee4ce996d3ab1341f390ed/bernie-sanders-3-gty-1160.jpg
42,https://static01.nyt.com/images/2016/05/13/upshot/13UP-Singlepayer/13UP-Singlepayer-master768.jpg
42,https://assets.bwbx.io/images/users/iqjWHBFdfxIU/i1LuDCd_29ik/v2/-1x-1.jpg
42,http://static.politico.com/dd/4c/ef0698f14c0cacb85eb18b67f56d/160503-hillary-clinton-4-ap-1160jpg.jpg
43,http://media4.s-nbcnews.com/j/newscms/2016_20/1546436/ap_16114661939777_40edb4926faf3ccf48a02d224cf8535f.nbcnews-fp-1200-800.jpg
43,http://cbsnews3.cbsistatic.com/hub/i/r/2016/05/22/f9edbe25-8ec5-4022-a881-1757e02edbe6/thumbnail/1200x630/2f40729f7477899ae94ad579a3c561d3/ftnsanders205221066946640x360.jpg
43,http://cbsnews3.cbsistatic.com/hub/i/r/2016/05/22/33c4f385-26bc-4aa5-8df0-151fa036c326/thumbnail/1200x630/025d3336541a73e19121ac2886029fdc/ftnsandersfull0522.jpg
43,https://images.washingtonpost.com/?url=http://img.washingtonpost.com/blogs/the-fix/files/2016/05/Capture10.png&w=1484&op=resize&opt=1&filter=antialias
43,http://media4.s-nbcnews.com/j/newscms/2016_20/1546501/snl-armisen_0893854cdf075d7524c9d8ba97ae1399.nbcnews-fp-1200-800.jpg
43,https://img.washingtonpost.com/rf/image_1484w/2010-2019/WashingtonPost/2016/04/22/Others/Images/2016-04-22/Sanders-PA071461357850.jpg
43,https://assets.bwbx.io/images/users/iqjWHBFdfxIU/iuSRHchv0bic/v2/-1x-1.jpg
43,https://static01.nyt.com/images/2016/05/22/opinion/sunday/22DOWD1/22DOWD1-master768.jpg
43,http://img.huffingtonpost.com/asset/2000_1000/5742281a130000d6053826b8.jpeg
43,http://media3.s-nbcnews.com/j/newscms/2016_20/1546716/160522-clinton-trump-jsw-1020a_883ebe6eece65ab34488a50309a2740d.nbcnews-fp-1200-800.jpg
43,http://i2.cdn.turner.com/cnnnext/dam/assets/160521145118-bernie-sanders-on-dnc-schultz-tapper-intv-00003806-large-tease.jpg
43,http://cbsnews2.cbsistatic.com/hub/i/r/2016/05/22/17d275c8-8ac8-4c0e-8945-fd4dfa2fec91/thumbnail/1200x630/02b8ea9404d0c743f515f4f3da70c4d4/ftnsandersfull05221066903640x360.jpg
43,http://img.huffingtonpost.com/asset/2000_1000/5741c129130000d605382687.jpeg?cache=myuz4wwzlz
43,http://i2.cdn.turner.com/cnnnext/dam/assets/160512155008-bernie-sanders-atlantic-city-large-tease.jpg
43,http://cbsnews1.cbsistatic.com/hub/i/r/2016/05/22/8973f1d1-12e9-42c2-8b78-4197dd3bd76a/thumbnail/1200x630/4bdf525d71852ba0c060df0c5c83f775/ftnsanders105223794971066943640x360.jpg
43,http://i2.cdn.turner.com/cnnnext/dam/assets/160522073139-snl-bernie-sanders-hillary-clinton-beer-newday-00003406-large-tease.jpg
43,http://media1.s-nbcnews.com/j/MSNBC/Components/Video/201605/2016-05-24T00-30-04-466Z--1280x720.video_1067x600.jpg
43,http://cbsnews2.cbsistatic.com/hub/i/r/2016/05/21/3ad19e86-207f-4545-9d1c-1b87d920b77b/thumbnail/1200x630/ed016d190c46a532885d083bad2a630d/sanders-wasserman-schultz.jpg
43,https://si.wsj.net/public/resources/images/BN-OD384_CAPJOU_G_20160523095609.jpg
43,http://i.huffpost.com/gen/4347972/images/o-BERNIE-SANDERS-facebook.jpg
43,https://images.washingtonpost.com/?url=https://palomaimages.washingtonpost.com/pr2/6ab098e017e5e8da3cd30e7ff79ecdb4-3500-2334-20160518T064841Z_01_LUC42_RTRIDSP_3_USAELECTIONSANDERS.jpg&w=1484&op=resize&opt=1&filter=antialias
43,http://www.msnbc.com/sites/msnbc/files/styles/ratio--1_91-1--1200x630/public/gettyimages-529691856_copy.jpg?itok=D4zFjvsY
43,http://a57.foxnews.com/media2.foxnews.com/BrightCove/694940094001/2016/05/20/0/0/694940094001_4904578770001_149430ab-0b6e-4402-a074-5da5342a0710.jpg?ve=1
43,http://static.politico.com/ed/a0/0d5df71640bc822e09d53cb08147/05-bernie-sanders-23-ap-1160.jpg
43,https://img.washingtonpost.com/rf/image_1484w/2010-2019/WashingtonPost/2011/09/12/National-Politics/Images/Democratic_Convention_09f71.jpg
43,http://static.politico.com/ee/e4/73a2386449c6a7f794c837003098/05-bernie-sanders-24-ap-1160.jpg
43,http://cbsnews2.cbsistatic.com/hub/i/r/2016/04/15/42f9db58-c8bb-4245-a53b-78b4c860f088/thumbnail/1200x630/19d3de4368a462f4dc00ea0ca0bdffd6/ap136568532210.jpg
44,https://img.washingtonpost.com/rf/image_1484w/2010-2019/WashingtonPost/2016/05/28/Others/Images/2016-05-28/Sanders2561464464651.jpg
44,http://cbsnews1.cbsistatic.com/hub/i/r/2016/05/28/d7e28c22-dddd-4a32-b743-5ff22f0a99a7/thumbnail/1200x630/df749c7107288d6fb749fec23efe3d0e/ftnsanders5281070109640x360.jpg
44,http://cbsnews3.cbsistatic.com/hub/i/r/2016/05/29/48a335bd-fd96-483a-ac75-ff72a83110b2/thumbnail/1200x630/05a5692b25d67d855de8e6848a7a06b2/facefull05291070273640x360.jpg
44,http://media1.s-nbcnews.com/i/MSNBC/Components/Video/201605/a_mtp_compressedfull_160529.jpg
44,http://media1.s-nbcnews.com/i/MSNBC/Components/Video/201605/2016-05-29T14-22-18-966Z--1280x720.jpg
44,http://media3.s-nbcnews.com/j/newscms/2016_14/1490401/bernie_sanders_002_d037431577f09d7fe93633357ed4d365.nbcnews-fp-1200-800.jpg
44,http://cbsnews2.cbsistatic.com/hub/i/r/2016/05/29/2760c535-ce99-49a9-b7c6-a611fb57ac70/thumbnail/1200x630g2/d59d336295244eee2943a36867e0b64e/ftnsanders10529.jpg
44,http://cbsnews1.cbsistatic.com/hub/i/r/2016/05/29/06127d61-c865-4555-934b-6258e34ec32d/thumbnail/1200x630/c63afec125be8fa3a8d0a8ed49600a4a/ftnsanders205291070231640x360.jpg
44,https://images.washingtonpost.com/?url=http://img.washingtonpost.com/blogs/the-fix/files/2016/05/NextProgressive.png&w=1484&op=resize&opt=1&filter=antialias
44,http://media1.s-nbcnews.com/i/MSNBC/Components/Video/201605/2016-05-29T14-12-10-333Z--1280x720.jpg
44,http://cbsnews3.cbsistatic.com/hub/i/r/2016/05/29/e6adbdef-dfbf-425d-9e19-054126dd5d72/thumbnail/1200x630/8466e5846e4a4b095a3d1a3bd8b2f4e5/ftnsandersfull05291070211640x360.jpg
44,http://media3.s-nbcnews.com/j/newscms/2016_21/1401756/160203-clinton-sanders-0956_b95b401376f84d0395ba4a7927a1e3d1.nbcnews-fp-1200-800.jpg
44,http://static.politico.com/a6/3a/5b59cba4461cb1e257a4bcf212d9/160325-dianne-feinstein-gty-1160.jpg
44,http://static.politico.com/19/02/3b120e3e475aa8c00cba94e06853/160526-bernie-sanders-6-gty-1160.jpg
44,https://img.washingtonpost.com/rf/image_1484w/2010-2019/WashingtonPost/2016/05/27/Others/Images/2016-05-27/TIMCANOVA_1414642686261464388811.jpg
44,http://cbsnews3.cbsistatic.com/hub/i/r/2016/05/30/de76079f-594b-4b46-9b79-412edaa8184e/thumbnail/1200x630/d7ffe34d6b4305e9e95f9675213d835b/2016-05-28t234333z992562627s1aetgsrbxaartrmadp3usa-election-sanders.jpg
44,http://i2.cdn.turner.com/cnnnext/dam/assets/160411064201-bernie-sanders-donald-trump-composite-large-tease.jpg
44,https://si.wsj.net/public/resources/images/BN-OF808_0531tr_G_20160528160126.jpg
44,http://i2.cdn.turner.com/cnnnext/dam/assets/160531181912-bernie-sanders-large-tease.jpg
44,http://i2.cdn.turner.com/cnnnext/dam/assets/160530184457-sot-bernie-sanders-macho-donald-trump-bts-00000413-large-tease.jpg
44,http://img.huffingtonpost.com/asset/2000_1000/57489b13130000d605382f78.jpeg?cache=hz0c6xsvig
44,http://images.huffingtonpost.com/2016-05-30-1464633888-9490158-chickentrumpcolonelberniesandersmeme400x209-thumb.jpg
44,https://si.wsj.net/public/resources/images/BN-OG109_0530cl_G_20160530182838.jpg
44,https://img.washingtonpost.com/rf/image_1484w/2010-2019/WashingtonPost/2016/05/29/Others/Images/2016-05-29/Sanders3091464560351.jpg
45,http://i2.cdn.turner.com/cnnnext/dam/assets/160531181907-bernie-sanders-may-31-large-tease.jpg
45,http://static.politico.com/13/f4/3334805b43fb838ef384ebffd019/andrew-cuomo-israel-day-parade.jpg
45,http://cbsnews1.cbsistatic.com/hub/i/r/2016/06/05/b0899e0d-68b5-4653-99dd-6c999604ee6c/thumbnail/1200x630/6db01559fac3a1990e37d0d495ac50c5/0605facethenationaxelrod1073570640x360.jpg
45,http://static.politico.com/b3/4f/d8ee23ef44019caf0005a080a1c2/05-hillary-clinton-37-gty-1160.jpg
45,http://i2.cdn.turner.com/cnnnext/dam/assets/160415084722-hillary-clinton-bernie-sanders-democratic-debate-new-york-composite-large-tease.jpg
45,http://cbsnews1.cbsistatic.com/hub/i/r/2016/06/06/6a7084c1-7a31-4a28-aa30-fc32cf73478d/thumbnail/1200x630/0db172b4b90d406ee09c17332b6295dd/gettyimages-538278976.jpg
45,http://i2.cdn.turner.com/cnnnext/dam/assets/160510215925-01-bernie-sanders-0510-large-tease.jpg
45,http://i2.cdn.turner.com/cnnnext/dam/assets/160602155045-02-hillary-clinton-foreign-policy-speech-06022016-large-tease.jpg
45,http://static.politico.com/4a/19/79af7b4444b4822c1a61e68e52c5/05-bernie-sanders-31-gty-1160.jpg
45,http://static.politico.com/de/a9/2838ac7d41a097374a68a79daeae/04-hillary-clinton-ap-1160.jpg
45,https://img.washingtonpost.com/rf/image_1484w/2010-2019/WashingtonPost/2016/06/01/Others/Images/2016-06-01/Sanders4661464807671.jpg
45,http://media1.s-nbcnews.com/j/MSNBC/Components/Video/201606/2016-06-05T13-44-47-233Z--1280x720.video_1067x600.jpg
45,http://media4.s-nbcnews.com/j/newscms/2016_22/1559821/clinton_bfd1287b8b2d9a59ef7eff78ca9b198c.nbcnews-fp-1200-800.jpg
45,http://www.msnbc.com/sites/msnbc/files/styles/ratio--3-2--512x342/public/articles/530273304.jpg?itok=vkJhOOa7
45,http://cbsnews1.cbsistatic.com/hub/i/r/2016/05/30/a1d83cf2-f699-4c02-97b8-3b8a56b66933/thumbnail/1200x630/e463f335e278457b63238f221108f569/hillary-bernie3.png
45,http://i2.cdn.turner.com/cnnnext/dam/assets/160605150149-cenk-uygur-criticizes-coverage-of-sanders-00040125-large-tease.jpg
45,http://media1.s-nbcnews.com/j/MSNBC/Components/Video/201606/2016-06-06T00-27-07-133Z--1280x720.video_1067x600.jpg
45,http://static.politico.com/58/7f/990eb0ff4e27848f316492a976f2/160604-scher-berniecali-ap.jpg
45,http://static.politico.com/aa/c9/e6590e2c4f2a84bbc1d066889080/160509-bernie-sanders-2-gty-1160.jpg
45,http://i2.cdn.turner.com/cnnnext/dam/assets/160409112018-bill-clinton-march-8-large-tease.jpg
45,http://media1.s-nbcnews.com/j/MSNBC/Components/Video/201606/2016-06-05T12-24-02-6Z--1280x720.video_1067x600.jpg
45,http://media1.s-nbcnews.com/j/MSNBC/Components/Video/201606/2016-06-05T21-28-15-0Z--1280x720.video_1067x600.jpg
45,http://a57.foxnews.com/global.fncstatic.com/static/managed/img/fn2/video/216/125/694940094001_4927847055001_060516-smf-scalise-1280.jpg
45,http://c10.nrostatic.com/sites/default/files/uploaded/california-presidential-primary-rules-r_0.jpg
45,http://i2.cdn.turner.com/cnnnext/dam/assets/160531015346-bernie-sanders-warriors-thunder-2-large-tease.jpg
45,http://i.huffpost.com/gen/4390074/images/o-HILLARY-CLINTON-SPEECH-facebook.jpg
45,https://img.washingtonpost.com/rf/image_1484w/2010-2019/Wires/Images/2016-06-06/Reuters/2016-06-06T211234Z_01_SFO023_RTRIDSP_3_USA-ELECTION-SANDERS.jpg
45,https://img.washingtonpost.com/rf/image_1484w/2010-2019/WashingtonPost/2016/06/05/Others/Images/2016-06-05/Sanders6701465164311.jpg
46,http://a57.foxnews.com/media2.foxnews.com/BrightCove/694940094001/2016/06/08/0/0/694940094001_4931429421001_060816-Dotcom-SandersClinton.jpg?ve=1
46,http://img.washingtonpost.com/wp-apps/imrs.php?src=http://s3.amazonaws.com/posttv-thumbnails-prod/thumbnails/575de220e4b0641471f6bffe/2016-06-12T221648Z_1_OV4LXZY73_RTRMADC_0_FLORIDA-SHOOTING-SANDERS-ROUGH-CUT.jpg&w=1024
46,http://cbsnews2.cbsistatic.com/hub/i/r/2016/06/10/0b7f22a6-55bb-4833-9fc3-4a8da10cfe94/thumbnail/1200x630/374577a84cd80a3e507f5b62d357f9d9/ap16161610153949.jpg
46,http://i2.cdn.turner.com/cnnnext/dam/assets/160621123710-02-clinton-economy-0621-large-169.jpg
46,http://cbsnews2.cbsistatic.com/hub/i/r/2016/06/12/a016e5ac-4cd9-4ccc-8bb4-80be7ebb2ed5/thumbnail/1200x630/c1ea5e8f747f09406c2be288c9414772/ftnsandersfull0612.jpg
46,http://cbsnews2.cbsistatic.com/hub/i/r/2016/06/12/cf9f948f-c620-4d13-bb79-8d1cdc7f8118/thumbnail/1200x630/7d582deefba385ac9f27f411a31cbb25/ftnsanders06121077011640x360.jpg
46,https://static01.nyt.com/images/2016/06/13/us/13campaign-web2/13campaign-web2-master675.jpg
46,http://media1.s-nbcnews.com/j/msnbc/components/video/201606/2016-06-12t13-23-20-033z--1280x720.nbcnews-ux-1080-600.jpg
46,http://img.huffingtonpost.com/asset/2000_1000/575df2fa1500002b0073a1d5.png?cache=xp73wpfdaa
46,http://media1.s-nbcnews.com/j/msnbc/components/video/201606/a_mtp_sandersuesday_.nbcnews-ux-1080-600.jpg
46,https://img.washingtonpost.com/rf/image_480w/2010-2019/WashingtonPost/2016/05/26/Production/ETL/ETL-A/Images/clinton-trump21463790001-1129.jpg?uuid=E-3APiNKEeaGkPFMqd4pcg
46,http://cbsnews2.cbsistatic.com/hub/i/r/2016/06/12/42906949-0565-42de-b7f7-3d30308c1c5b/thumbnail/1200x630/4a32eeae3f032cf5cde6b9af7b1f914e/0612facethenation1030-copy-011077033640x360.jpg
46,http://media3.s-nbcnews.com/i/MSNBC/Components/Video/201606/lv_dems_house2_160623_copy.jpg
46,https://si.wsj.net/public/resources/images/BN-OL260_0612tr_G_20160612144424.jpg
46,http://images.huffingtonpost.com/2016-06-12-1465733367-5991709-13434163_10157053704500422_1680891221_n.jpg
46,http://a57.foxnews.com/media2.foxnews.com/BrightCove/694940094001/2016/06/13/0/0/694940094001_4938749753001_b733e619-b186-4c76-9414-e6c22c90f993.jpg?ve=1
46,http://img.huffingtonpost.com/asset/2000_1000/575f43a915000030001b932f.jpeg?cache=2kd8aeuutv
46,http://assets.bwbx.io/images/users/iqjWHBFdfxIU/iWocM9xACz48/v4/220x220.png
46,https://img.washingtonpost.com/rf/image_1484w/2010-2019/Wires/Online/2016-06-13/AP/Images/DEM2016PrimaryLessons-8eccd.jpg
47,http://i2.cdn.turner.com/cnnnext/dam/assets/160617135352-elizabeth-warren-june-9-2016-large-tease.jpg
47,https://img.washingtonpost.com/rf/image_1484w/2010-2019/WashingtonPost/2016/06/17/National-Politics/Images/Obama-03af2.jpg
47,https://img.washingtonpost.com/rf/image_1484w/2010-2019/WashingtonPost/2016/06/17/Production/NatWeekly/Images/Sanders_image.jpg
47,http://media1.s-nbcnews.com/i/MSNBC/Components/Video/201606/trumpandhallie.jpg
47,https://static01.nyt.com/images/2016/03/24/multimedia/25obama-argentina/25obama-argentina-videoSmall.jpg
47,https://static01.nyt.com/images/2016/06/20/us/20summit1/20summit1-master768.jpg
47,http://i2.cdn.turner.com/cnnnext/dam/assets/160619101937-ip-johns-notebook-large-tease.jpg
47,http://i2.cdn.turner.com/cnnnext/dam/assets/160414204745-sanders-clinton-design-divide-large-tease.jpeg
47,http://i2.cdn.turner.com/cnnnext/dam/assets/160619095719-ip-jeff-zeleny-large-tease.jpg
47,http://static.politico.com/cf/4b/a895a6ce46979fe40b2b5340bff9/jill-stein.jpg
47,https://img.washingtonpost.com/rf/image_480w/2010-2019/WashingtonPost/2016/06/13/National-Politics/Images/Botsford160613TrumpNH55841465846512.jpg?uuid=-6zGtjGdEearnR2isPJPkw
47,http://i2.cdn.turner.com/cnnnext/dam/assets/160525215055-donald-trump-hillary-clinton-california-composite-large-tease.jpg
47,http://media1.s-nbcnews.com/i/MSNBC/Components/Video/__NEW/2016-01-18T22-22-04-633Z--1280x720.jpg
47,https://img.washingtonpost.com/rf/image_1484w/2010-2019/WashingtonPost/2016/06/15/Others/Images/2016-06-14/Sanders9991465953190.jpg
47,http://www.msnbc.com/sites/msnbc/files/styles/ratio--1_91-1--1200x630/public/images/2013/10/_mg_4117.jpg?itok=bHucrVFf
47,https://assets.bwbx.io/images/users/iqjWHBFdfxIU/iNyHPYVqIJrM/v0/1200x-1.jpg
47,http://media1.s-nbcnews.com/j/newscms/2015_32/1156141/hallie_portrait2_3_43ee333429d937692bd16f2be223f463.nbcnews-fp-320-320.jpg
47,http://static.politico.com/97/6d/6a75d95e4058974d93e05e5d8e2c/160619-bernie-sanders-gty-1160.jpg
47,http://cbsnews3.cbsistatic.com/hub/i/r/2016/06/16/b4ecb8af-ce10-4b8f-9848-ae1ce5f51e49/thumbnail/300x175/a309eb31ff6c60d1e5da3247bae463d4/0616ctmdickersonqanda1079468640x360.jpg
47,http://i2.cdn.turner.com/cnnnext/dam/assets/160619095454-jeff-sessions-donald-trump-vp-response-sotu-00001522-large-tease.jpg
47,http://static.politico.com/07/b5/2fd280234bacae16bfe874110092/160619-kerry-davos-gty-1160.jpg
